AREA_CD,LOCATION,TITLE,RATING,FOOD_CATEGORY,VIEW_COUNT,REVIEW_COUNT,ADDRESS,CATEGORY,NO,AREA_NM,PLACE_LOCATION,RELATION1,RELATION2,RELATION3
POS001,강남,미라이,4.8,이자카야 / 오뎅 / 꼬치,"557,955",139,서울특별시 강남구 논현로153길 24 끌레르빌 1F,,,,,,,
POS001,강남,시라카와,4.8,이자카야 / 오뎅 / 꼬치,"355,431",77,서울특별시 강남구 선릉로161길 7 1F,,,,,,,
POS001,강남,페리지,4.8,기타 양식,"75,927",43,서울특별시 강남구 봉은사로68길 6-5 1F,,,,,,,
POS001,강남,명랑회관,4.8,고기 요리,"85,131",58,서울특별시 강남구 삼성로85길 39,,,,,,,
POS001,강남,상진식감,4.8,까스 요리,"49,491",55,서울특별시 강남구 도산대로11길 31-10 B1,,,,,,,
POS001,강남,패티앤베지스,4.7,브런치 / 버거 / 샌드위치,"74,101",98,서울특별시 강남구 압구정로4길 11 1F,,,,,,,
POS001,강남,까폼,4.7,태국 음식,"114,365",72,서울특별시 강남구 선릉로153길 18 B1,,,,,,,
POS001,강남,맛짱조개,4.7,해산물 요리,"148,027",66,서울특별시 강남구 언주로136길 10,,,,,,,
POS001,강남,빈호,4.7,퓨전 양식,"11,534",10,서울특별시 강남구 학동로43길 38 논현웰스톤 162호,,,,,,,
POS001,강남,스시카나에,4.6,회 / 스시,"419,891",112,서울특별시 강남구 도산대로75길 15 노노빌딩 2F,,,,,,,
POS002,동대문,비엘티스테이크,4.3,스테이크 / 바베큐,"259,758",73,서울특별시 종로구 청계천로 279 JW메리어트 호텔 동대문 스퀘어 서울 2F,,,,,,,
POS002,동대문,포항,4.3,베트남 음식,"21,696",13,서울특별시 종로구 종로 309-3,,,,,,,
POS002,동대문,차차,4.2,카페 / 디저트,"21,148",21,서울특별시 종로구 종로46가길 13,,,,,,,
POS002,동대문,동북화과왕,4.2,기타 중식,"48,431",32,서울특별시 종로구 종로46길 11 2F,,,,,,,
POS002,동대문,무지개호프,4.1,치킨 / 호프 / 펍,"8,769",6,서울특별시 종로구 창신길 12,,,,,,,
POS002,동대문,창신동매운족발,3.9,고기 요리,"51,720",67,서울특별시 종로구 종로51길 23,,,,,,,
POS002,동대문,타볼로24,3.7,뷔페,"32,227",20,서울특별시 종로구 청계천로 279 JW메리어트 호텔 동대문 스퀘어 서울 2F,,,,,,,
POS002,동대문,더라운지,3.5,카페 / 디저트,"84,467",38,서울특별시 종로구 청계천로 279 JW메리어트 호텔 동대문 스퀘어 서울 1F,,,,,,,
POS002,동대문,제이히든하우스,3.5,카페 / 디저트,"15,017",17,서울특별시 종로구 종로 269-4,,,,,,,
POS002,동대문,정그리다,3.5,카페 / 디저트,"4,687",8,서울특별시 종로구 낙산성곽길 2-1,,,,,,,
POS003,명동,미성옥,4.6,탕 / 찌개 / 전골,"317,496",139,서울특별시 중구 명동길 25-11 1F,,,,,,,
POS003,명동,스시조,4.4,정통 일식 / 일반 일식,"132,357",53,서울특별시 중구 소공로 106 서울 웨스틴조선호텔 20F,,,,,,,
POS003,명동,맷차,4.4,카페 / 디저트,"76,351",87,서울특별시 중구 명동9길 17,,,,,,,
POS003,명동,도림,4.4,정통 중식 / 일반 중식,"130,308",34,서울특별시 중구 을지로 30 롯데호텔서울 본관 37F,,,,,,,
POS003,명동,홍연,4.4,정통 중식 / 일반 중식,"67,113",28,서울특별시 중구 소공로 106 서울 웨스틴조선호텔 LLF,,,,,,,
POS003,명동,무궁화,4.4,한정식 / 백반 / 정통 한식,"36,451",10,서울특별시 중구 을지로 30 롯데호텔서울 본관 38F,,,,,,,
POS003,명동,오뗄두스,4.4,베이커리,"3,079",9,서울특별시 중구 소공로 98,,,,,,,
POS003,명동,나인스게이트,4.3,스테이크 / 바베큐,"169,360",46,서울특별시 중구 소공로 106 서울 웨스틴조선호텔 LF,,,,,,,
POS003,명동,멘텐,4.3,라멘 / 소바 / 우동,"143,216",97,서울특별시 중구 삼일대로 305 동북빌딩 1F,,,,,,,
POS003,명동,페닌슐라,4.3,이탈리안,"20,713",22,서울특별시 중구 을지로 30 롯데호텔서울 본관 1F,,,,,,,
POS004,이태원,치즈플로,4.8,퓨전 양식,"143,985",60,서울특별시 용산구 이태원로49길 19,,,,,,,
POS004,이태원,크리스피포크타운,4.8,남미 음식,"62,056",52,서울 용산구 녹사평대로40길 47 1F,,,,,,,
POS004,이태원,바위파스타바,4.6,이탈리안,"322,287",56,서울특별시 용산구 이태원로 254 B2,,,,,,,
POS004,이태원,샐러드셀러,4.6,기타 양식,"250,224",121,서울특별시 용산구 대사관로5길 28,,,,,,,
POS004,이태원,시칠리,4.6,이탈리안,"52,358",18,서울특별시 용산구 이태원로55가길 13,,,,,,,
POS004,이태원,꾸잉,4.6,베트남 음식,"115,592",84,서울특별시 용산구 이태원로 189 1F,,,,,,,
POS004,이태원,박소린두깜풍,4.6,다국적 아시아 음식,"44,748",40,서울특별시 용산구 보광로59길 9 2F,,,,,,,
POS004,이태원,더티스낵,4.6,브런치 / 버거 / 샌드위치,"21,858",39,서울특별시 용산구 이태원로 169-1,,,,,,,
POS004,이태원,브라이리퍼블릭,4.5,세계음식 기타,"491,325",386,서울특별시 용산구 이태원로14길 19,,,,,,,
POS004,이태원,르페셰미뇽,4.5,카페 / 디저트,"131,965",121,서울특별시 용산구 녹사평대로40가길 3-3 2F,,,,,,,
POS005,잠실,세이류,4.8,정통 일식 / 일반 일식,"193,891",46,서울특별시 송파구 올림픽로35가길 9 B1 B35호,,,,,,,
POS005,잠실,엘리스리틀이태리,4.5,기타 양식,"470,307",251,서울특별시 송파구 백제고분로41길 43-21 SANDONG빌딩,,,,,,,
POS005,잠실,차만다,4.5,세계음식 기타,"298,539",113,서울특별시 송파구 오금로16길 4-15  반도빌딩 1F,,,,,,,
POS005,잠실,뉴질랜드스토리,4.4,브런치 / 버거 / 샌드위치,"358,263",279,서울특별시 송파구 석촌호수로 268 경남레이크파크 113호,,,,,,,
POS005,잠실,파오파오,4.4,한정식 / 백반 / 정통 한식,"360,709",192,서울특별시 송파구 석촌호수로12길 22,,,,,,,
POS005,잠실,라미아파밀리아,4.4,이탈리안,"70,803",24,서울특별시 송파구 송파대로49길 31 2F,,,,,,,
POS005,잠실,생생아구,4.4,해산물 요리,"26,246",13,서울특별시 송파구 백제고분로7길 8-37,,,,,,,
POS005,잠실,칸다소바,4.4,라멘 / 소바 / 우동,"47,714",27,서울특별시 송파구 올림픽로 300 롯데월드몰 캐주얼동 6F,,,,,,,
POS005,잠실,프롬헤라스,4.4,카페 / 디저트,"8,484",13,서울특별시 송파구 올림픽로 300  6F,,,,,,,
POS005,잠실,미강식당,4.4,고기 요리,"20,324",12,서울특별시 송파구 백제고분로 122 103호,,,,,,,
POS006,종로,오제제,4.8,까스 요리,"115,336",83,서울특별시 중구 세종대로 136 B3,,,,,,,
POS006,종로,데시데,4.8,카페 / 디저트,"15,407",29,서울특별시 종로구 삼청로 22-31 1F,,,,,,,
POS006,종로,호라파,4.8,태국 음식,"14,800",17,서울특별시 종로구 자하문로 37-1 2F,,,,,,,
POS006,종로,우육면관,4.8,기타 중식,"65,635",49,서울특별시 종로구 종로7길 29-14,,,,,,,
POS006,종로,효제루,4.8,정통 중식 / 일반 중식,"13,319",25,서울특별시 종로구 대학로 18 1F,,,,,,,
POS006,종로,모던샤브하우스,4.8,탕 / 찌개 / 전골,"99,077",34,서울특별시 종로구 종로3길 17 D타워 리플레이스 광화문 5F,,,,,,,
POS006,종로,만가타,4.7,세계음식 기타,"211,122",57,서울특별시 종로구 삼청로2길 40-5,,,,,,,
POS006,종로,호반,4.7,한정식 / 백반 / 정통 한식,"290,477",85,서울특별시 종로구 삼일대로26길 20,,,,,,,
POS006,종로,밀곳간,4.7,베이커리,"30,677",33,서울특별시 성북구 성북로18길 19,,,,,,,
POS006,종로,BAR,4.7,칵테일 / 와인,"127,842",45,서울특별시 종로구 자하문로7길 34,,,,,,,
POS007,홍대,파델라,4.7,이탈리안,"205,898",69,서울특별시 마포구 연남로1길 11 1F,,,,,,,
POS007,홍대,하나라멘,4.7,라멘 / 소바 / 우동,"36,594",52,서울특별시 마포구 동교로38길 27-4 1F,,,,,,,
POS007,홍대,조앤도슨,4.7,카페 / 디저트,"40,844",43,서울특별시 마포구 동교로41길 31 B1,,,,,,,
POS007,홍대,무겐스위치,4.7,라멘 / 소바 / 우동,"39,613",32,서울특별시 마포구 동교로 242-13,,,,,,,
POS007,홍대,진만두,4.6,딤섬 / 만두,"564,226",278,서울특별시 마포구 와우산로29길 4-42,,,,,,,
POS007,홍대,야망,4.6,일반 주점,"23,756",44,서울특별시 마포구 동교로27길 21-8,,,,,,,
POS007,홍대,파이리퍼블릭,4.6,다국적 퓨전,"116,850",50,서울특별시 마포구 양화로23길 10-10 B1,,,,,,,
POS007,홍대,쿠시파파,4.6,이자카야 / 오뎅 / 꼬치,"17,604",10,서울특별시 마포구 동교로 256-4 B1,,,,,,,
POS007,홍대,리틀빅토리,4.5,카페 / 디저트,"193,266",138,서울특별시 마포구 연희로1길 41,,,,,,,
POS007,홍대,멘야준,4.5,라멘 / 소바 / 우동,"86,399",106,서울특별시 마포구 동교로 128,,,,,,,
POS008,경복궁,데시데,4.8,카페 / 디저트,"15,408",29,서울특별시 종로구 삼청로 22-31 1F,,,,,,,
POS008,경복궁,호라파,4.8,태국 음식,"14,801",17,서울특별시 종로구 자하문로 37-1 2F,,,,,,,
POS008,경복궁,우육면관,4.8,기타 중식,"65,636",49,서울특별시 종로구 종로7길 29-14,,,,,,,
POS008,경복궁,모던샤브하우스,4.8,탕 / 찌개 / 전골,"99,078",34,서울특별시 종로구 종로3길 17 D타워 리플레이스 광화문 5F,,,,,,,
POS008,경복궁,만가타,4.7,세계음식 기타,"211,123",57,서울특별시 종로구 삼청로2길 40-5,,,,,,,
POS008,경복궁,BAR,4.7,칵테일 / 와인,"127,843",45,서울특별시 종로구 자하문로7길 34,,,,,,,
POS008,경복궁,스시소라,4.5,정통 일식 / 일반 일식,"311,431",77,서울특별시 종로구 종로 19 르메이에르종로타운 B동 B116 B-1호,,,,,,,
POS008,경복궁,팔마,4.5,퓨전 양식,"125,296",55,서울특별시 종로구 자하문로5길 39 1F,,,,,,,
POS008,경복궁,물랑,4.5,프랑스 음식,"92,305",33,서울특별시 종로구 자하문로16길 8 1F,,,,,,,
POS008,경복궁,백부장집닭한마리,4.5,닭 / 오리 요리,"184,878",109,서울특별시 종로구 삼봉로 100-1,,,,,,,
POS009,광화문,오제제,4.8,까스 요리,"115,337",83,서울특별시 중구 세종대로 136 B3,,,,,,,
POS009,광화문,우육면관,4.8,기타 중식,"65,637",49,서울특별시 종로구 종로7길 29-14,,,,,,,
POS009,광화문,모던샤브하우스,4.8,탕 / 찌개 / 전골,"99,079",34,서울특별시 종로구 종로3길 17 D타워 리플레이스 광화문 5F,,,,,,,
POS009,광화문,스시소라,4.5,정통 일식 / 일반 일식,"311,432",77,서울특별시 종로구 종로 19 르메이에르종로타운 B동 B116 B-1호,,,,,,,
POS009,광화문,백부장집닭한마리,4.5,닭 / 오리 요리,"184,879",109,서울특별시 종로구 삼봉로 100-1,,,,,,,
POS009,광화문,포비브라이트,4.5,카페 / 디저트,"48,026",54,서울특별시 종로구 새문안로 76 콘코디언빌딩 1F,,,,,,,
POS009,광화문,장수한방삼계탕,4.5,탕 / 찌개 / 전골,"42,442",17,서울특별시 종로구 새문안로5길 13 B1,,,,,,,
POS009,광화문,무교동북어국집,4.4,탕 / 찌개 / 전골,"163,298",133,서울특별시 중구 을지로1길 38,,,,,,,
POS009,광화문,후니도니,4.4,까스 요리,"164,705",107,서울특별시 종로구 종로 19 르메이에르종로타운 B1,,,,,,,
POS009,광화문,나이스타임2,4.4,이탈리안,"24,081",18,서울특별시 중구 남대문로9길 6 스몰하우스 빅도어 1F,,,,,,,
POS010,보신각,오제제,4.8,까스 요리,"115,338",83,서울특별시 중구 세종대로 136 B3,,,,,,,
POS010,보신각,우육면관,4.8,기타 중식,"65,638",49,서울특별시 종로구 종로7길 29-14,,,,,,,
POS010,보신각,모던샤브하우스,4.8,탕 / 찌개 / 전골,"99,080",34,서울특별시 종로구 종로3길 17 D타워 리플레이스 광화문 5F,,,,,,,
POS010,보신각,호반,4.7,한정식 / 백반 / 정통 한식,"290,478",85,서울특별시 종로구 삼일대로26길 20,,,,,,,
POS010,보신각,우육면관,4.6,기타 중식,"145,492",116,서울특별시 종로구 청계천로 75-2,,,,,,,
POS010,보신각,스시소라,4.5,정통 일식 / 일반 일식,"311,433",77,서울특별시 종로구 종로 19 르메이에르종로타운 B동 B116 B-1호,,,,,,,
POS010,보신각,백부장집닭한마리,4.5,닭 / 오리 요리,"184,880",109,서울특별시 종로구 삼봉로 100-1,,,,,,,
POS010,보신각,동강나루터,4.5,해산물 요리,"40,101",23,서울특별시 중구 삼일대로12길 13 백양빌딩,,,,,,,
POS010,보신각,오죽이네,4.4,닭 / 오리 요리,"357,516",157,서울특별시 종로구 돈화문로11가길 25,,,,,,,
POS010,보신각,무교동북어국집,4.4,탕 / 찌개 / 전골,"163,299",133,서울특별시 중구 을지로1길 38,,,,,,,
POS011,암사동,우리동네막국수국밥,4.3,국수 / 면 요리,"22,481",8,서울특별시 강동구 상암로4길 9 1F,,,,,,,
POS011,암사동,솜솜베이커리,3.6,카페 / 디저트,"65,366",34,서울특별시 강동구 암사1가길 37,,,,,,,
POS011,암사동,시오미스시,,회 / 스시,"1,487",3,서울특별시 강동구 고덕로25길 12,,,,,,,
POS011,암사동,와줘서고마워요,,이탈리안,"16,747",17,서울특별시 강동구 고덕로 133 롯데캐슬퍼스트상가 320-1호,,,,,,,
POS011,암사동,하에레츠,,베이커리,"10,932",7,서울특별시 강동구 암사길 27,,,,,,,
POS011,암사동,오븐베이크,,베이커리,"6,164",4,서울특별시 강동구 고덕로10길 43-3 1F,,,,,,,
POS011,암사동,랍스타킹,,시푸드 요리,"5,040",2,서울특별시 강동구 고덕로25길 13-19 1F,,,,,,,
POS011,암사동,사바사바치킨&비어,,치킨 / 호프 / 펍,"3,564",16,서울특별시 강동구 올림픽로100길 6,,,,,,,
POS011,암사동,팔오수산,,해산물 요리,"1,756",4,서울특별시 강동구 상암로 22,,,,,,,
POS011,암사동,선남,,회 / 스시,"3,071",4,서울특별시 강동구 상암로 26 선사타워빌딩 1F,,,,,,,
POS012,창덕궁,일월카츠,4.7,까스 요리,"39,136",35,서울특별시 종로구 계동길 17 1F,,,,,,,
POS012,창덕궁,톤티커피,4.5,카페 / 디저트,"17,003",34,서울특별시 종로구 북촌로 6-8,,,,,,,
POS012,창덕궁,혜화도담,4.5,한정식 / 백반 / 정통 한식,"163,096",40,서울특별시 종로구 대명1길 16-6,,,,,,,
POS012,창덕궁,오죽이네,4.4,닭 / 오리 요리,"357,517",157,서울특별시 종로구 돈화문로11가길 25,,,,,,,
POS012,창덕궁,독일주택,4.4,치킨 / 호프 / 펍,"262,163",120,서울특별시 종로구 대명1길 16-4,,,,,,,
POS012,창덕궁,버거파크,4.4,브런치 / 버거 / 샌드위치,"153,153",120,서울특별시 종로구 대학로11길 5 1F,,,,,,,
POS012,창덕궁,도마유즈라멘,4.4,라멘 / 소바 / 우동,"38,195",46,서울특별시 종로구 북촌로2길 14,,,,,,,
POS012,창덕궁,깡통만두,4.3,한정식 / 백반 / 정통 한식,"369,195",258,서울특별시 종로구 북촌로2길 5-6 1F,,,,,,,
POS012,창덕궁,소금집델리,4.3,브런치 / 버거 / 샌드위치,"117,027",170,서울특별시 종로구 북촌로4길 19 1F,,,,,,,
POS012,창덕궁,온천집,4.3,탕 / 찌개 / 전골,"85,391",56,서울특별시 종로구 돈화문로11나길 31-8,,,,,,,
POS013,가산디지털단지역,여신족발,4.2,고기 요리,"65,889",36,서울특별시 금천구 벚꽃로38길 21,,,,,,,
POS013,가산디지털단지역,가산물갈비&백년불고기,4.1,한정식 / 백반 / 정통 한식,"17,201",11,서울특별시 금천구 가산디지털1로 128 STX V TOWER 110호,,,,,,,
POS013,가산디지털단지역,세라즈피자펍,3.9,기타 양식,"21,979",11,서울특별시 금천구 가산디지털1로 168 A동 2F 222호,,,,,,,
POS013,가산디지털단지역,인크커피,3.7,카페 / 디저트,"6,395",22,서울특별시 금천구 가산디지털2로 127-20,,,,,,,
POS013,가산디지털단지역,카페스미다,,카페 / 디저트,"19,309",13,서울특별시 금천구 벚꽃로 298 대륭포스트타워6차 B143호,,,,,,,
POS013,가산디지털단지역,스시히또,,회 / 스시,"12,064",9,서울특별시 금천구 벚꽃로 286 B1 114호,,,,,,,
POS013,가산디지털단지역,힛더스팟베이커리에이트,,베이커리,634,8,서울특별시 금천구 가산로 145 솔씨티 오피스텔 101호,,,,,,,
POS013,가산디지털단지역,춘천옥,,고기 요리,"39,098",23,서울특별시 금천구 디지털로12길 19 2F,,,,,,,
POS013,가산디지털단지역,도도회식당,,해산물 요리,"1,000",2,서울특별시 금천구 가산디지털1로 100 에이스골드타워 113호,,,,,,,
POS013,가산디지털단지역,단또,,라멘 / 소바 / 우동,"29,253",9,서울특별시 금천구 디지털로9길 32 갑을그레이트밸리 2F,,,,,,,
POS014,강남역,위트앤미트,4.6,브런치 / 버거 / 샌드위치,"69,471",47,서울특별시 강남구 강남대로110길 32 1F,,,,,,,
POS014,강남역,반티엔야오카오위,4.6,기타 중식,"88,730",41,서울특별시 서초구 서초대로73길 12 세계빌딩 1F,,,,,,,
POS014,강남역,큐리오,4.6,퓨전 양식,"8,984",9,서울특별시 서초구 서운로 226  119호,,,,,,,
POS014,강남역,농민백암왕순대,4.5,탕 / 찌개 / 전골,"568,625",284,서울특별시 강남구 역삼로3길 20-4,,,,,,,
POS014,강남역,옥토스,4.5,해산물 요리,"77,802",17,서울특별시 서초구 사평대로52길 11 1F,,,,,,,
POS014,강남역,강남명전,4.5,한정식 / 백반 / 정통 한식,"61,042",27,서울특별시 서초구 강남대로65길 12 1F,,,,,,,
POS014,강남역,고메램,4.4,고기 요리,"24,988",18,서울특별시 서초구 강남대로 359 대우도씨에빛 2차 B1,,,,,,,
POS014,강남역,딜리셧부티끄,4.4,기타 양식,"26,730",17,서울특별시 강남구 테헤란로4길 6 219호,,,,,,,
POS014,강남역,로리스더프라임립,4.3,스테이크 / 바베큐,"345,418",197,서울특별시 서초구 서초대로 411 GT타워 3F,,,,,,,
POS014,강남역,정돈,4.3,까스 요리,"325,698",232,서울특별시 강남구 강남대로110길 19-1 1F,,,,,,,
POS015,건대입구역,오코노미야키식당하나,4.7,철판 요리,"218,751",84,서울특별시 광진구 능동로13길 111,,,,,,,
POS015,건대입구역,명봉반점,4.4,기타 중식,"233,264",131,서울특별시 광진구 뚝섬로31길 59 광진빌딩,,,,,,,
POS015,건대입구역,매운향솥,4.4,기타 중식,"162,584",145,서울특별시 광진구 동일로18길 61,,,,,,,
POS015,건대입구역,초라멘,4.4,라멘 / 소바 / 우동,"32,824",25,서울특별시 광진구 능동로13길 80 1F,,,,,,,
POS015,건대입구역,육성회비,4.3,고기 요리,"98,706",60,서울특별시 광진구 동일로24길 19 1F,,,,,,,
POS015,건대입구역,송화산시도삭면,4.3,기타 중식,"18,625",33,서울특별시 광진구 아차산로30길 33,,,,,,,
POS015,건대입구역,포비,4.3,철판 요리,"28,258",15,서울특별시 광진구 동일로26길 57 1F,,,,,,,
POS015,건대입구역,반티엔야오,4.3,기타 중식,"17,976",21,서울특별시 광진구 동일로20길 106 2F,,,,,,,
POS015,건대입구역,환이네갈비살,4.3,고기 요리,"33,762",17,서울특별시 광진구 아차산로29길 47,,,,,,,
POS015,건대입구역,선장훅,4.3,해산물 요리,"17,221",8,서울특별시 광진구 동일로24길 38-1 1F,,,,,,,
POS016,고덕역,빠네렌토,3.9,브런치 / 버거 / 샌드위치,"54,074",36,서울특별시 강동구 동남로 881,,,,,,,
POS016,고덕역,시찌린,,기타 일식,"16,888",14,서울특별시 강동구 동남로 877 환화오벨리스크,,,,,,,
POS016,고덕역,명일동,,카페 / 디저트,"16,857",13,서울특별시 강동구 동남로 891 현대델리안 202호,,,,,,,
POS016,고덕역,로겐하임,,베이커리,"19,573",10,서울특별시 강동구 동남로71길 32 환타지아빌딩 1F,,,,,,,
POS016,고덕역,숟가락반상,,한정식 / 백반 / 정통 한식,"11,242",6,서울특별시 강동구 동남로73길 31 한국4H회관 2F,,,,,,,
POS016,고덕역,라베이크,,베이커리,"9,409",10,서울특별시 강동구 고덕로 240,,,,,,,
POS016,고덕역,메콩타이,,베트남 음식,"12,601",11,서울특별시 강동구 동남로 891 현대데일리안,,,,,,,
POS016,고덕역,깐부치킨,,닭 / 오리 요리,"5,324",7,서울특별시 강동구 동남로73길 31,,,,,,,
POS016,고덕역,스키마야,,라멘 / 소바 / 우동,"1,985",4,서울특별시 강동구 동남로71길 20-9 파라빌딩 1F,,,,,,,
POS016,고덕역,설빙,,카페 / 디저트,"2,358",2,서울특별시 강동구 동남로75길 13-25,,,,,,,
POS017,고속터미널역,FOURB,4.4,카페 / 디저트,"33,057",22,서울특별시 서초구 사평대로 205 1F FP106호,,,,,,,
POS017,고속터미널역,딤딤섬,4.3,딤섬 / 만두,"63,334",55,서울특별시 서초구 신반포로 176 센트럴시티 호남선 하차장 2F,,,,,,,
POS017,고속터미널역,베이크,4.3,카페 / 디저트,"180,233",175,서울특별시 서초구 신반포로 176 신세계백화점 강남점 B1,,,,,,,
POS017,고속터미널역,차알,4.3,정통 중식 / 일반 중식,"135,148",100,서울특별시 서초구 사평대로 205 파미에스테이션 2F,,,,,,,
POS017,고속터미널역,더,4.3,퓨전 양식,"88,196",20,서울특별시 서초구 신반포로 176 JW메리어트 호텔 서울 7F,,,,,,,
POS017,고속터미널역,모트32,4.3,퓨전 중식,"42,669",10,서울특별시 서초구 신반포로 176 2F,,,,,,,
POS017,고속터미널역,모던샤브하우스,4.3,탕 / 찌개 / 전골,"15,874",9,서울특별시 서초구 신반포로 176 3F,,,,,,,
POS017,고속터미널역,비스테까,4.3,카페 / 디저트,"41,225",29,서울특별시 서초구 신반포로 176 신세계백화점 강남점 B1,,,,,,,
POS017,고속터미널역,플레이버즈,4.2,뷔페,"92,054",39,서울특별시 서초구 신반포로 176 JW메리어트 호텔 서울 2F,,,,,,,
POS017,고속터미널역,젤라띠젤라띠,4.2,카페 / 디저트,"88,251",170,서울특별시 서초구 신반포로 176 파미에스테이션 1F,,,,,,,
POS018,교대역,서관면옥,4.6,국수 / 면 요리,"163,611",191,서울특별시 서초구 서초대로56길 11,,,,,,,
POS018,교대역,스시,4.5,회 / 스시,"60,051",18,서울특별시 서초구 서초대로 266 B101호,,,,,,,
POS018,교대역,스시야스다,4.5,회 / 스시,"16,029",8,서울특별시 서초구 서초대로58길 18 지에스타워 203호,,,,,,,
POS018,교대역,제주성산포바당,4.4,해산물 요리,"29,574",16,서울특별시 서초구 반포대로26길 70,,,,,,,
POS018,교대역,앙띠크,4.4,카페 / 디저트,"25,956",38,서울특별시 서초구 서초중앙로20길 14,,,,,,,
POS018,교대역,3대삼계장인,4.3,탕 / 찌개 / 전골,"81,165",32,서울특별시 서초구 반포대로28길 56-3 1F,,,,,,,
POS018,교대역,한성양꼬치,4.3,기타 중식,"9,826",6,서울특별시 서초구 서초대로50길 63,,,,,,,
POS018,교대역,하레,4.2,이자카야 / 오뎅 / 꼬치,"118,284",56,서울특별시 서초구 서초중앙로28길 16 1F,,,,,,,
POS018,교대역,산도,4.2,브런치 / 버거 / 샌드위치,"9,090",11,서울특별시 서초구 서초대로56길 38 1F,,,,,,,
POS018,교대역,고스트요거트,4.1,카페 / 디저트,"24,562",24,서울특별시 서초구 서초중앙로20길 37 1F,,,,,,,
POS019,구로디지털단지역,낭만부대찌개,4,탕 / 찌개 / 전골,"63,814",28,서울특별시 구로구 디지털로 288 대륭포스트타워 B1 104호,,,,,,,
POS019,구로디지털단지역,라마노피자,3.6,기타 양식,"17,303",18,서울특별시 구로구 디지털로34길 55 코오롱싸이언스밸리2차,,,,,,,
POS019,구로디지털단지역,은행골,3.3,회 / 스시,"24,275",55,서울특별시 관악구 조원로4길 8,,,,,,,
POS019,구로디지털단지역,맛찬들왕소금구이,3.3,고기 요리,"6,278",7,서울특별시 구로구 디지털로32나길 17-28,,,,,,,
POS019,구로디지털단지역,메이비,3.2,브런치 / 버거 / 샌드위치,"31,696",30,서울특별시 구로구 디지털로32나길 51,,,,,,,
POS019,구로디지털단지역,말뚝곱창,3.2,고기 요리,"25,443",31,서울특별시 구로구 시흥대로 571 부호빌딩,,,,,,,
POS019,구로디지털단지역,에머이,,베트남 음식,"14,255",18,서울특별시 구로구 디지털로31길 12,,,,,,,
POS019,구로디지털단지역,갓파스시,,회 / 스시,"26,012",21,서울특별시 구로구 디지털로 288,,,,,,,
POS019,구로디지털단지역,구로곱창,,고기 요리,"33,120",22,서울특별시 관악구 조원로 9,,,,,,,
POS019,구로디지털단지역,신림춘천집,,닭 / 오리 요리,"13,342",66,서울특별시 구로구 디지털로32나길 17-23 102호,,,,,,,
POS020,구로역,밀리,3.5,카페 / 디저트,"11,805",14,서울특별시 구로구 새말로 62,,,,,,,
POS020,구로역,카페라라,,뷔페,"13,164",3,서울특별시 구로구 경인로 624 라마다서울 신도림 호텔,,,,,,,
POS020,구로역,새벽집양곱창,,고기 요리,"9,859",8,서울특별시 구로구 경인로61길 21,,,,,,,
POS020,구로역,봉고기,,고기 요리,"3,493",6,서울특별시 구로구 경인로 619-3 1F,,,,,,,
POS020,구로역,청해진수산,,해산물 요리,"5,710",4,서울특별시 구로구 새말로 36,,,,,,,
POS020,구로역,더족발,,고기 요리,"6,210",7,서울특별시 구로구 경인로 619-3 신도림3차푸르지오아파트상가 1F,,,,,,,
POS020,구로역,고향마차,,일반 주점,"4,921",2,서울특별시 구로구 새말로4길 24,,,,,,,
POS020,구로역,조선화로집,,고기 요리,"5,640",4,서울특별시 구로구 경인로 572 스타팰리스 1F,,,,,,,
POS020,구로역,시오,,정통 일식 / 일반 일식,"4,724",5,서울특별시 구로구 구로중앙로 146-1 6F,,,,,,,
POS020,구로역,퍼틴,,베트남 음식,"8,294",5,서울특별시 구로구 구로중앙로 150-1 B1,,,,,,,
POS021,군자역,이화만두,4.5,한정식 / 백반 / 정통 한식,"23,120",18,서울특별시 광진구 능동로 278-1,,,,,,,
POS021,군자역,피읖,4.4,이자카야 / 오뎅 / 꼬치,"19,701",15,서울특별시 광진구 능동로 327-1 1F,,,,,,,
POS021,군자역,이이요,4.3,회 / 스시,"186,171",146,서울특별시 광진구 능동로32길 6,,,,,,,
POS021,군자역,영미오리탕,4.1,닭 / 오리 요리,"24,355",28,서울특별시 광진구 동일로60길 53 천수빌딩,,,,,,,
POS021,군자역,텐동한,4,돈부리 / 일본 카레 / 벤토,"56,610",58,서울특별시 광진구 능동로38길 32 1F,,,,,,,
POS021,군자역,마우로아,4,칵테일 / 와인,"63,390",32,서울특별시 광진구 능동로 320 1F,,,,,,,
POS021,군자역,심야식당,4,이자카야 / 오뎅 / 꼬치,"5,185",10,서울특별시 광진구 군자로 168,,,,,,,
POS021,군자역,소사면옥,4,국수 / 면 요리,"4,724",7,서울특별시 광진구 능동로 270,,,,,,,
POS021,군자역,야키토리루왁,3.9,이자카야 / 오뎅 / 꼬치,"1,791",12,서울특별시 광진구 면목로 26,,,,,,,
POS021,군자역,헤르츠커피로스팅,3.9,카페 / 디저트,"5,877",10,서울특별시 광진구 능동로 334,,,,,,,
POS022,남구로역,밀앤비스트로,,이탈리안,"8,069",4,서울특별시 구로구 도림로12길 21,,,,,,,
POS022,남구로역,고창국수,,국수 / 면 요리,"7,309",3,서울특별시 구로구 디지털로33길 48 대륭포스트타워7차,,,,,,,
POS022,남구로역,빵굼터,,베이커리,"4,606",1,서울특별시 구로구 디지털로27길 124,,,,,,,
POS022,남구로역,이즈모,,정통 일식 / 일반 일식,"2,144",2,서울특별시 구로구 디지털로33길 55 이앤씨벤처드림타워 2차,,,,,,,
POS022,남구로역,주주네포차,,전통 주점 / 포차,"4,153",1,서울특별시 구로구 디지털로27길 64,,,,,,,
POS022,남구로역,은행나무손칼국수,,국수 / 면 요리,"7,614",6,서울특별시 구로구 디지털로27가길 3-3,,,,,,,
POS022,남구로역,이미커피,,카페 / 디저트,"5,855",3,서울특별시 구로구 디지털로27길 116 101호,,,,,,,
POS022,남구로역,구삼이,,고기 요리,"4,263",1,서울특별시 구로구 도림로14길 10,,,,,,,
POS022,남구로역,돌참치,,회 / 스시,"4,880",2,서울특별시 구로구 디지털로31길 41 EC드림타워6차 203호,,,,,,,
POS022,남구로역,구로영양족발,,고기 요리,"2,159",2,서울특별시 구로구 도림로 46,,,,,,,
POS023,대림역,라꾸긴,4.3,이자카야 / 오뎅 / 꼬치,"43,716",23,서울특별시 구로구 가마산로 268,,,,,,,
POS023,대림역,줘마양다리구이,4.3,기타 중식,"82,326",44,서울특별시 영등포구 도림천로11길 13,,,,,,,
POS023,대림역,봉선마라탕,3.7,기타 중식,"39,018",31,서울특별시 영등포구 도림로38길 11,,,,,,,
POS023,대림역,공주칼국수,3.5,국수 / 면 요리,"9,695",11,서울특별시 영등포구 도림천로11길 1,,,,,,,
POS023,대림역,황제무한화로구이,,뷔페,"1,970",2,서울특별시 구로구 구로중앙로 60,,,,,,,
POS023,대림역,왕기마라향과,,기타 중식,"24,105",13,서울특별시 영등포구 도림로37길 2 워너빌,,,,,,,
POS023,대림역,홍중샤브뷔페,,기타 중식,"39,855",18,서울특별시 영등포구 도림로 128-1,,,,,,,
POS023,대림역,사계천면관,,정통 중식 / 일반 중식,"9,592",2,서울특별시 영등포구 디지털로37가길 1,,,,,,,
POS023,대림역,사천요리기와집,,기타 중식,"7,824",7,서울특별시 영등포구 디지털로37길 25,,,,,,,
POS023,대림역,산하신승부,,기타 중식,600,2,서울특별시 영등포구 도림로 126 풍림빌딩,,,,,,,
POS024,동대문역,비엘티스테이크,4.3,스테이크 / 바베큐,"259,759",73,서울특별시 종로구 청계천로 279 JW메리어트 호텔 동대문 스퀘어 서울 2F,,,,,,,
POS024,동대문역,포항,4.3,베트남 음식,"21,697",13,서울특별시 종로구 종로 309-3,,,,,,,
POS024,동대문역,차차,4.2,카페 / 디저트,"21,149",21,서울특별시 종로구 종로46가길 13,,,,,,,
POS024,동대문역,동북화과왕,4.2,기타 중식,"48,432",32,서울특별시 종로구 종로46길 11 2F,,,,,,,
POS024,동대문역,무지개호프,4.1,치킨 / 호프 / 펍,"8,770",6,서울특별시 종로구 창신길 12,,,,,,,
POS024,동대문역,명동피자,4,기타 양식,"19,152",34,서울특별시 중구 장충단로13길 20 현대시티아울렛 B2,,,,,,,
POS024,동대문역,옥천매운족발,4,고기 요리,"35,301",24,서울특별시 종로구 종로51나길 23 1F,,,,,,,
POS024,동대문역,창신동매운족발,3.9,고기 요리,"51,721",67,서울특별시 종로구 종로51길 23,,,,,,,
POS024,동대문역,미즈컨테이너,3.8,퓨전 양식,"40,003",39,서울특별시 중구 장충단로13길 20 현대시티아울렛 B1,,,,,,,
POS024,동대문역,쉐이크쉑,3.7,브런치 / 버거 / 샌드위치,"22,236",97,서울특별시 중구 장충단로 275 두타 1F,,,,,,,
POS025,뚝섬역,다로베,4.4,이탈리안,"327,339",262,서울특별시 성동구 왕십리로11길 7 1F,,,,,,,
POS025,뚝섬역,누메로도스,4.4,이탈리안,"181,757",110,서울특별시 성동구 상원1길 35-9,,,,,,,
POS025,뚝섬역,로우커피스탠드,4.4,카페 / 디저트,"137,817",89,서울특별시 성동구 왕십리로4길 28-2 1F,,,,,,,
POS025,뚝섬역,에보,4.4,이탈리안,"4,264",7,서울특별시 성동구 상원길 80 상가 1F,,,,,,,
POS025,뚝섬역,오스테리아,4.4,이탈리안,"22,489",8,서울특별시 성동구 서울숲6길 20 1F,,,,,,,
POS025,뚝섬역,팩피,4.3,기타 양식,"345,447",160,서울특별시 성동구 왕십리로 136 102호,,,,,,,
POS025,뚝섬역,제스티살룬,4.3,브런치 / 버거 / 샌드위치,"53,509",86,서울특별시 성동구 서울숲4길 13 1F,,,,,,,
POS025,뚝섬역,빠오즈푸,4.3,딤섬 / 만두,"59,466",42,서울특별시 성동구 왕십리로6길 13 1F,,,,,,,
POS025,뚝섬역,포지티브,4.3,카페 / 디저트,"18,856",23,서울특별시 성동구 서울숲2길 45,,,,,,,
POS025,뚝섬역,유어네이키드치즈,4.3,기타 양식,"19,946",16,서울특별시 성동구 왕십리로10길 6 1F,,,,,,,
POS026,미아사거리역,제이제곱,4,카페 / 디저트,"9,980",9,서울특별시 강북구 도봉로10나길 17,,,,,,,
POS026,미아사거리역,삼덕식당,4,고기 요리,"18,224",12,서울특별시 강북구 월계로7나길 29,,,,,,,
POS026,미아사거리역,원조할매곱창,3.9,고기 요리,"18,813",27,서울특별시 강북구 월계로3길 68,,,,,,,
POS026,미아사거리역,제일분식,3.4,기타 한식,"12,795",21,서울특별시 강북구 숭인로 65-3,,,,,,,
POS026,미아사거리역,와라이,,이자카야 / 오뎅 / 꼬치,"3,557",1,서울특별시 강북구 도봉로10나길 9-4 1F,,,,,,,
POS026,미아사거리역,일미집,,고기 요리,"17,358",11,서울특별시 강북구 숭인로 65-3,,,,,,,
POS026,미아사거리역,썬데이스낵,,기타 한식,"6,087",5,서울특별시 강북구 도봉로10길 54 남상빌딩 1F,,,,,,,
POS026,미아사거리역,송연95닭갈비,,닭 / 오리 요리,"12,354",12,서울특별시 강북구 도봉로8길 62,,,,,,,
POS026,미아사거리역,마시미트,,세계음식 기타,"11,034",6,서울특별시 강북구 숭인로 65-12,,,,,,,
POS026,미아사거리역,녹베이크샵,,베이커리,"2,960",5,서울특별시 강북구 숭인로 65-3 1F,,,,,,,
POS027,발산역,일편등심,4.3,고기 요리,"3,608",4,서울특별시 강서구 마곡중앙6로 93 열린프라자 3F,,,,,,,
POS027,발산역,Poke,4.1,기타 양식,"3,705",8,서울특별시 강서구 공항대로 269-15 힐스테이트에코마곡상가 205호,,,,,,,
POS027,발산역,광주똑순이,4,해산물 요리,"46,129",18,서울특별시 강서구 강서로 375-8 정호빌딩 1F,,,,,,,
POS027,발산역,발산삼계탕,3.9,탕 / 찌개 / 전골,"115,729",66,서울특별시 강서구 강서로 344,,,,,,,
POS027,발산역,마므레,3.9,베이커리,"20,182",16,서울특별시 강서구 공항대로 269-15,,,,,,,
POS027,발산역,청기와타운,3.9,고기 요리,"2,513",6,서울특별시 강서구 공항대로 291 201-204호,,,,,,,
POS027,발산역,나오키,3.8,회 / 스시,"30,355",18,서울특별시 강서구 강서로56가길 45 1F,,,,,,,
POS027,발산역,스즈란테이,3.8,정통 일식 / 일반 일식,"40,926",27,서울특별시 강서구 공항대로 269-15 힐스테이트에코마곡 212호,,,,,,,
POS027,발산역,후라토식당,3.8,정통 일식 / 일반 일식,"25,916",11,서울특별시 강서구 공항대로 269-15 2F 211호,,,,,,,
POS027,발산역,맹순이꽃게아구찜,3.8,해산물 요리,"13,908",11,서울특별시 강서구 공항대로 272,,,,,,,
POS028,북한산우이역,우리콩순두부,4.2,기타 한식,"15,816",9,서울특별시 강북구 삼양로173길 46,,,,,,,
POS028,북한산우이역,새미가왕소금구이,,고기 요리,"8,363",7,서울특별시 강북구 삼양로 673,,,,,,,
POS028,북한산우이역,백곰집,,탕 / 찌개 / 전골,"4,235",5,서울특별시 강북구 삼양로 663,,,,,,,
POS028,북한산우이역,행복들깨칼국수,,국수 / 면 요리,"3,346",2,서울특별시 강북구 삼양로173길 41-11,,,,,,,
POS028,북한산우이역,왕가,,고기 요리,"3,975",3,서울특별시 강북구 삼양로 681,,,,,,,
POS028,북한산우이역,시골쌈밥,,한정식 / 백반 / 정통 한식,527,1,서울특별시 강북구 삼양로173길 21-8,,,,,,,
POS028,북한산우이역,중국관,,정통 중식 / 일반 중식,"2,861",1,서울특별시 강북구 삼양로 657,,,,,,,
POS028,북한산우이역,더하비스트,,카페 / 디저트,110,1,서울특별시 강북구 삼양로173길 43 1F,,,,,,,
POS028,북한산우이역,우이동소문난족발,,한정식 / 백반 / 정통 한식,"2,416",2,서울특별시 강북구 삼양로 645,,,,,,,
POS028,북한산우이역,진국해장국과북어국,,탕 / 찌개 / 전골,"4,329",1,서울특별시 강북구 삼양로 659,,,,,,,
POS029,사당역,작은피자집,4.7,기타 양식,"195,965",71,서울특별시 동작구 사당로30길 96 1F,,,,,,,
POS029,사당역,키세츠스시,4.5,회 / 스시,"49,766",18,서울특별시 서초구 방배천로4안길 18 1F,,,,,,,
POS029,사당역,청송산오징어,4.4,해산물 요리,"82,866",38,서울특별시 관악구 남현1길 8 경도빌딩,,,,,,,
POS029,사당역,헬무트커피로스터스,4.3,카페 / 디저트,"32,860",51,서울특별시 서초구 방배천로6길 3-10,,,,,,,
POS029,사당역,하우스바이콘반,4.3,까스 요리,"16,940",22,서울특별시 동작구 사당로30길 158-2 1F,,,,,,,
POS029,사당역,태양커피,4.2,카페 / 디저트,"14,256",26,서울특별시 서초구 방배천로 32 송암빌딩 1F,,,,,,,
POS029,사당역,분코,4.2,이자카야 / 오뎅 / 꼬치,"15,142",15,서울특별시 서초구 방배천로4안길 26 2F,,,,,,,
POS029,사당역,페니힐스커피스테이션,4.1,카페 / 디저트,"129,033",108,서울특별시 동작구 동작대로1길 10-14 1F,,,,,,,
POS029,사당역,삼육가,4.1,고기 요리,"30,076",23,서울특별시 서초구 방배천로 10,,,,,,,
POS029,사당역,맛집부추곱창,4.1,고기 요리,"73,386",29,서울특별시 서초구 방배천로2길 37,,,,,,,
POS030,삼각지역,판코네,4.8,이탈리안,"23,440",43,서울특별시 용산구 한강대로40가길 7 풍양빌딩 1F,,,,,,,
POS030,삼각지역,카카오봄,4.7,카페 / 디저트,"52,992",46,서울특별시 용산구 한강대로62길 45-11,,,,,,,
POS030,삼각지역,포카치아델라스트라다,4.5,이탈리안,"67,093",71,서울특별시 용산구 한강대로46길 11,,,,,,,
POS030,삼각지역,바우카페,4.5,카페 / 디저트,"26,629",29,서울특별시 용산구 한강대로62길 37 1F,,,,,,,
POS030,삼각지역,용산양꼬치,4.4,기타 중식,"58,336",25,서울특별시 용산구 백범로99길 60 1F,,,,,,,
POS030,삼각지역,성월동화,4.4,기타 일식,"2,343",5,서울특별시 용산구 백범로99길 40  102동 103호,,,,,,,
POS030,삼각지역,몽탄,4.3,고기 요리,"111,974",163,서울특별시 용산구 백범로99길 50,,,,,,,
POS030,삼각지역,꺼거,4.3,정통 중식 / 일반 중식,"100,820",77,서울특별시 용산구 한강대로48길 10,,,,,,,
POS030,삼각지역,물고기주택,4.3,해산물 요리,"48,082",25,서울특별시 용산구 한강대로48길 19,,,,,,,
POS030,삼각지역,소버,4.3,치킨 / 호프 / 펍,"13,135",16,서울특별시 용산구 한강대로 159,,,,,,,
POS031,서울대입구역,따빠디또,4.5,카페 / 디저트,"97,467",50,서울특별시 관악구 행운1길 79 상가 104호,,,,,,,
POS031,서울대입구역,뉴욕택시디저트,4.5,카페 / 디저트,"125,701",111,서울특별시 관악구 남부순환로 1870 1F,,,,,,,
POS031,서울대입구역,두만강샤브샤브,4.4,기타 중식,"200,386",168,서울특별시 관악구 봉천로 552 102호,,,,,,,
POS031,서울대입구역,베이컨시,4.4,이탈리안,"105,794",47,서울특별시 관악구 봉천로62길 5 옥산빌딩 B1,,,,,,,
POS031,서울대입구역,요샌,4.4,카페 / 디저트,"19,678",18,서울특별시 관악구 남부순환로230길 42 1F,,,,,,,
POS031,서울대입구역,퍼블리코타코,4.3,남미 음식,"122,454",126,서울특별시 관악구 관악로14길 106 1F,,,,,,,
POS031,서울대입구역,로향양꼬치,4.3,기타 중식,"161,598",110,서울특별시 관악구 관악로16길 35 푸르빌아파트,,,,,,,
POS031,서울대입구역,라이라이켄,4.3,라멘 / 소바 / 우동,"62,232",77,서울특별시 관악구 봉천로53길 5,,,,,,,
POS031,서울대입구역,크래프티,4.3,카페 / 디저트,"18,435",21,서울특별시 관악구 낙성대로 24 2F,,,,,,,
POS031,서울대입구역,누아젯,4.3,브런치 / 버거 / 샌드위치,"8,791",10,서울특별시 관악구 행운1길 4 1F,,,,,,,
POS032,마곡나루역,사이공윤다이,4.2,베트남 음식,"17,427",19,서울특별시 강서구 마곡중앙5로1길 20 218호,,,,,,,
POS032,마곡나루역,떼헤브,4.1,카페 / 디저트,"10,137",10,서울특별시 강서구 마곡서로 175 102호,,,,,,,
POS032,마곡나루역,우아하계,4.1,닭 / 오리 요리,"3,252",5,서울특별시 강서구 마곡서로 157 스프링파크타워 1F,,,,,,,
POS032,마곡나루역,마부자생삼겹살,4,고기 요리,"48,206",48,서울특별시 강서구 마곡중앙5로 6 121호,,,,,,,
POS032,마곡나루역,고드니,4,카페 / 디저트,"5,727",6,서울특별시 강서구 마곡중앙로 161-1 캐슬파크 2F 220호,,,,,,,
POS032,마곡나루역,잔잔하게,4,일반 주점,"16,155",10,서울특별시 강서구 마곡서로 158 센트럴타워2 3F 301호,,,,,,,
POS032,마곡나루역,송쭈집,3.9,해산물 요리,"25,632",14,서울특별시 강서구 마곡서로 158 센트럴타워2차 이마트에브리데이상가 2F,,,,,,,
POS032,마곡나루역,마노사포레,3.9,이탈리안,"7,923",10,서울특별시 강서구 마곡중앙로 161-8 A동 1F 107호,,,,,,,
POS032,마곡나루역,심야식당켬,3.7,전통 주점 / 포차,"8,511",9,서울특별시 강서구 마곡중앙로 161-1 롯데캐슬파크 226호,,,,,,,
POS032,마곡나루역,동양식당,3.5,퓨전 한식,"36,168",21,서울특별시 강서구 마곡중앙5로1길 20 2F,,,,,,,
POS033,서울역,야키토리혼바,4.7,이자카야 / 오뎅 / 꼬치,"11,185",6,서울특별시 용산구 후암로 79 3-4F,,,,,,,
POS033,서울역,오제제,4.6,라멘 / 소바 / 우동,"177,281",115,서울특별시 용산구 한강대로 363-2 1F,,,,,,,
POS033,서울역,유즈라멘,4.5,라멘 / 소바 / 우동,"203,660",175,서울특별시 중구 만리재로 217,,,,,,,
POS033,서울역,서울로인,4.5,고기 요리,"23,442",7,서울특별시 중구 한강대로 416 서울스퀘어 B1 18호,,,,,,,
POS033,서울역,서울역철도떡볶이,4.3,기타 한식,"9,525",6,서울특별시 용산구 청파로93길 18-1 1F,,,,,,,
POS033,서울역,이레피자하우스,4.1,이탈리안,"4,086",5,서울특별시 용산구 청파로89길 32-3 1F,,,,,,,
POS033,서울역,카우치커피,4.1,카페 / 디저트,"6,714",8,서울특별시 용산구 한강대로104길 6 2F,,,,,,,
POS033,서울역,일미장어,4.1,해산물 요리,"17,925",11,서울특별시 용산구 후암로57길 35-15,,,,,,,
POS033,서울역,해피해피브레드,4.1,베이커리,"7,556",8,서울특별시 중구 청파로 425-2,,,,,,,
POS033,서울역,KGML,4.1,브런치 / 버거 / 샌드위치,"2,869",6,서울특별시 용산구 청파로 337,,,,,,,
POS034,선릉역,명랑회관,4.8,고기 요리,"85,133",58,서울특별시 강남구 삼성로85길 39,,,,,,,
POS034,선릉역,자르뎅페르뒤,4.5,이탈리안,"22,176",12,서울특별시 강남구 언주로 541 에프엔에프사옥,,,,,,,
POS034,선릉역,경천애인,4.4,고기 요리,"539,692",163,서울특별시 강남구 테헤란로 421 암천빌딩 3F,,,,,,,
POS034,선릉역,농민백암순대,4.4,탕 / 찌개 / 전골,"378,011",210,서울특별시 강남구 선릉로86길 40-4,,,,,,,
POS034,선릉역,외고집설렁탕,4.4,탕 / 찌개 / 전골,"194,523",147,서울특별시 강남구 삼성로 555 알앤텍빌딩 1F,,,,,,,
POS034,선릉역,우밀면옥,4.4,국수 / 면 요리,"47,561",27,서울특별시 강남구 언주로 508,,,,,,,
POS034,선릉역,오마치슌,4.4,정통 일식 / 일반 일식,"23,749",15,서울특별시 강남구 역삼로65길 20 1F,,,,,,,
POS034,선릉역,뽕나무쟁이,4.3,고기 요리,"221,910",257,서울특별시 강남구 역삼로65길 31 1F,,,,,,,
POS034,선릉역,몰타참치,4.3,회 / 스시,"120,306",47,서울특별시 강남구 삼성로85길 26,,,,,,,
POS034,선릉역,신동궁감자탕뼈숯불구이,4.3,탕 / 찌개 / 전골,"70,805",93,서울특별시 강남구 선릉로86길 39,,,,,,,
POS035,성신여대입구역,추랑,4.3,전통 주점 / 포차,"2,890",5,서울특별시 성북구 보문로36길 20 1F,,,,,,,
POS035,성신여대입구역,옥돌,4.3,이탈리안,"12,806",9,서울특별시 성북구 동소문로17길 11 1F,,,,,,,
POS035,성신여대입구역,애정마라샹궈,4.2,정통 중식 / 일반 중식,"161,155",166,서울특별시 성북구 동소문로20나길 11 2F,,,,,,,
POS035,성신여대입구역,유목커피바,4.2,카페 / 디저트,"9,827",17,서울특별시 성북구 동소문로24길 47 2F,,,,,,,
POS035,성신여대입구역,수아당,4.1,기타 한식,"33,647",25,서울특별시 성북구 동소문로20가길 33 1F,,,,,,,
POS035,성신여대입구역,버거파크,4,브런치 / 버거 / 샌드위치,"113,619",137,서울특별시 성북구 동소문로22길 56-1,,,,,,,
POS035,성신여대입구역,라라면가,4,기타 중식,"51,927",53,서울특별시 성북구 동소문로22길 57-25,,,,,,,
POS035,성신여대입구역,김통,4,고기 요리,"40,871",35,서울특별시 성북구 동소문로 124,,,,,,,
POS035,성신여대입구역,할매숯불닭갈비,4,닭 / 오리 요리,"42,161",29,서울특별시 성북구 동소문로20길 37-5,,,,,,,
POS035,성신여대입구역,보편적연어,3.9,회 / 스시,"1,179",9,서울특별시 성북구 동소문로20나길 52,,,,,,,
POS036,수유역,리트리트커피로스터즈,3.9,카페 / 디저트,"5,187",7,서울특별시 강북구 한천로139길 11,,,,,,,
POS036,수유역,쿠시,3.8,이자카야 / 오뎅 / 꼬치,"11,908",12,서울특별시 강북구 노해로8길 9-20,,,,,,,
POS036,수유역,양다리걸쳤네,3.7,기타 중식,"50,674",21,서울특별시 강북구 노해로8길 16 우암센스뷰 101호,,,,,,,
POS036,수유역,칠복상회,3.6,카페 / 디저트,"26,150",33,서울특별시 한천로139가길 15 1F,,,,,,,
POS036,수유역,상미규카츠,3.3,까스 요리,"24,570",26,서울특별시 강북구 도봉로87길 32,,,,,,,
POS036,수유역,귀품찬,,고기 요리,"40,634",15,서울특별시 강북구 도봉로 313,,,,,,,
POS036,수유역,미녀가든,,고기 요리,"5,297",4,서울특별시 강북구 한천로139나길 22,,,,,,,
POS036,수유역,대동집,,일반 주점,"3,039",2,서울특별시 강북구 도봉로87길 9-8,,,,,,,
POS036,수유역,스시도리,,회 / 스시,"14,125",6,서울특별시 강북구 한천로139길 29,,,,,,,
POS036,수유역,재영통닭,,닭 / 오리 요리,"6,843",4,서울특별시 강북구 도봉로87길 40,,,,,,,
POS037,신논현역,위트앤미트,4.6,브런치 / 버거 / 샌드위치,"69,472",47,서울특별시 강남구 강남대로110길 32 1F,,,,,,,
POS037,신논현역,큐리오,4.6,퓨전 양식,"8,986",9,서울특별시 서초구 서운로 226  119호,,,,,,,
POS037,신논현역,옥토스,4.5,해산물 요리,"77,804",17,서울특별시 서초구 사평대로52길 11 1F,,,,,,,
POS037,신논현역,강남명전,4.5,한정식 / 백반 / 정통 한식,"61,046",27,서울특별시 서초구 강남대로65길 12 1F,,,,,,,
POS037,신논현역,정돈,4.3,까스 요리,"325,701",232,서울특별시 강남구 강남대로110길 19-1 1F,,,,,,,
POS037,신논현역,파이브가이즈,4.3,브런치 / 버거 / 샌드위치,"4,513",6,서울특별시 서초구 강남대로 435,,,,,,,
POS037,신논현역,하이디라오,4.2,기타 중식,"223,190",130,서울특별시 서초구 서초대로77길 54 W-TOWER 2F,,,,,,,
POS037,신논현역,혜장국,4.2,탕 / 찌개 / 전골,"27,922",34,서울특별시 서초구 사평대로56길 4,,,,,,,
POS037,신논현역,프로간장새우,4.2,해산물 요리,"18,799",21,서울특별시 강남구 강남대로122길 20,,,,,,,
POS037,신논현역,멘카오리,4.2,라멘 / 소바 / 우동,"46,302",26,서울특별시 서초구 사평대로57길 39-2,,,,,,,
POS038,신도림역,양키통닭,4.4,닭 / 오리 요리,"144,321",96,서울특별시 영등포구 도림로139길 13,,,,,,,
POS038,신도림역,그믐족발,4.3,고기 요리,"129,086",64,서울특별시 영등포구 경인로79길 21 1F,,,,,,,
POS038,신도림역,베르데커피,4.1,카페 / 디저트,"5,933",9,서울특별시 영등포구 도림로139가길 5 1F,,,,,,,
POS038,신도림역,로라멘,4,라멘 / 소바 / 우동,"48,059",33,서울특별시 영등포구 도림로131길 17,,,,,,,
POS038,신도림역,비어포스트바,4,치킨 / 호프 / 펍,"20,720",13,서울특별시 영등포구 도림로131길 15,,,,,,,
POS038,신도림역,몽밀,4,라멘 / 소바 / 우동,"10,867",13,서울특별시 영등포구 도림로125길 34 1F,,,,,,,
POS038,신도림역,신도림참족발,4,고기 요리,"32,355",29,서울특별시 구로구 경인로 661 신도림1차푸르지오,,,,,,,
POS038,신도림역,통통,4,퓨전 중식,"16,391",11,서울특별시 영등포구 도림로139길 11-1 101-102호,,,,,,,
POS038,신도림역,베르데브런치&펍,4,남미 음식,"7,227",7,서울특별시 영등포구 도림로139가길 5 1F,,,,,,,
POS038,신도림역,올드문래,3.9,치킨 / 호프 / 펍,"149,674",115,서울특별시 영등포구 도림로 433-6,,,,,,,
POS039,신림역,오첨지,4.1,탕 / 찌개 / 전골,"30,382",20,서울특별시 관악구 남부순환로176길 18 2F,,,,,,,
POS039,신림역,막불감동,3.9,국수 / 면 요리,"39,256",28,서울특별시 관악구 남부순환로 1599 B1,,,,,,,
POS039,신림역,삼촌네,3.9,탕 / 찌개 / 전골,"55,956",27,서울특별시 관악구 신림로59길 14,,,,,,,
POS039,신림역,만성찬팅,3.7,기타 중식,"26,373",37,서울특별시 관악구 신림로 322-4,,,,,,,
POS039,신림역,신촌황소곱창,3.7,고기 요리,"29,812",24,서울특별시 관악구 남부순환로 1597-4,,,,,,,
POS039,신림역,전주식당,,고기 요리,"13,038",3,서울특별시 관악구 신림동길 3 1F,,,,,,,
POS039,신림역,SUBE,,카페 / 디저트,"3,368",5,서울특별시 관악구 신림로 317-3 2F,,,,,,,
POS039,신림역,전주익산,,기타 한식,"11,069",10,서울특별시 관악구 신림로59길 14 원빌딩 302호,,,,,,,
POS039,신림역,똥개네퓨전포차,,전통 주점 / 포차,"22,743",14,서울특별시 관악구 봉천로12길 63,,,,,,,
POS039,신림역,신림동피자집,,기타 양식,"18,711",11,서울특별시 관악구 신림로59길 17 3F,,,,,,,
POS040,신촌역,홋카이도부타동스미레,4.6,돈부리 / 일본 카레 / 벤토,"195,031",138,서울특별시 서대문구 연세로4길 61,,,,,,,
POS040,신촌역,안테이쿠,4.5,이자카야 / 오뎅 / 꼬치,"26,396",13,서울특별시 서대문구 연세로11길 22 B1,,,,,,,
POS040,신촌역,카라멘야,4.3,라멘 / 소바 / 우동,"71,488",116,서울특별시 서대문구 연세로7안길 34-1 1F,,,,,,,
POS040,신촌역,길상양꼬치,4.3,기타 중식,"68,965",56,서울특별시 서대문구 연세로5가길 17,,,,,,,
POS040,신촌역,담산,4.3,고기 요리,"101,432",54,서울특별시 서대문구 연세로5다길 5 1F,,,,,,,
POS040,신촌역,송아저씨빈대떡,4.3,한정식 / 백반 / 정통 한식,"31,677",16,서울특별시 서대문구 연세로7안길 29,,,,,,,
POS040,신촌역,한림돈가,4.2,고기 요리,"179,198",124,서울특별시 서대문구 연세로7안길 16-4 1F,,,,,,,
POS040,신촌역,맘맘테이블,4.2,베트남 음식,"154,136",187,서울특별시 서대문구 연세로4길 33,,,,,,,
POS040,신촌역,비아,4.2,남미 음식,"173,652",124,서울특별시 서대문구 명물길 27-18 1F,,,,,,,
POS040,신촌역,바코드,4.2,칵테일 / 와인,"49,916",28,서울특별시 서대문구 연세로9길 26,,,,,,,
POS041,양재역,진교원,4.5,국수 / 면 요리,"4,394",6,서울특별시 서초구 강남대로41길 15-19 B1,,,,,,,
POS041,양재역,자인뭉티기,4.4,고기 요리,"33,921",13,서울특별시 서초구 강남대로37길 24-7 호원빌딩,,,,,,,
POS041,양재역,히노카츠,4.4,까스 요리,"9,698",9,서울특별시 강남구 남부순환로359길 14 1F,,,,,,,
POS041,양재역,프릳츠,4.3,카페 / 디저트,"79,467",163,서울특별시 서초구 강남대로37길 24-11 1F,,,,,,,
POS041,양재역,임병주산동칼국수,4.3,국수 / 면 요리,"213,262",241,서울특별시 서초구 강남대로37길 63,,,,,,,
POS041,양재역,양인환대,4.3,스테이크 / 바베큐,"64,878",37,서울특별시 강남구 강남대로42길 17,,,,,,,
POS041,양재역,채석강,4.3,국수 / 면 요리,"11,325",9,서울특별시 서초구 강남대로37길 59,,,,,,,
POS041,양재역,곱창왕김형제,4,고기 요리,"4,175",22,서울특별시 강남구 강남대로 240,,,,,,,
POS041,양재역,라임,3.9,칵테일 / 와인,"14,859",15,서울특별시 서초구 강남대로37길 12-11 2F,,,,,,,
POS041,양재역,호두까끼형제,3.9,카페 / 디저트,"19,557",16,서울특별시 강남구 남부순환로351길 10 101호,,,,,,,
POS042,연신내역,티그레서울,4.3,카페 / 디저트,"5,335",20,서울특별시 은평구 연서로29길 34 1F,,,,,,,
POS042,연신내역,구석집,4.3,탕 / 찌개 / 전골,"4,103",6,서울특별시 은평구 통일로83길 17-5,,,,,,,
POS042,연신내역,참새식당,4.1,일반 주점,"23,095",14,서울특별시 은평구 연서로29길 22-44 1F 102호,,,,,,,
POS042,연신내역,YM커피하우스,4,카페 / 디저트,"14,570",29,서울특별시 은평구 연서로29길 21-8,,,,,,,
POS042,연신내역,해례커피,3.8,카페 / 디저트,"6,722",11,서울특별시 은평구 통일로83길 19 1F,,,,,,,
POS042,연신내역,원조두꺼비불오징어,3.7,해산물 요리,"40,658",51,서울특별시 은평구 연서로28길 5,,,,,,,
POS042,연신내역,세이지,3.5,이자카야 / 오뎅 / 꼬치,"17,284",27,서울특별시 은평구 연서로27길 13-6,,,,,,,
POS042,연신내역,H3,3.5,스테이크 / 바베큐,"21,489",32,서울특별시 은평구 연서로27길 13-1,,,,,,,
POS042,연신내역,갈현동떡볶이,3.5,기타 한식,"3,775",7,서울특별시 은평구 연서로29길 24 정운빌딩,,,,,,,
POS042,연신내역,목노집,3.5,고기 요리,"30,249",25,서울특별시 은평구 연서로28길 10,,,,,,,
POS043,오목교역,목동해물,4.3,해산물 요리,"11,597",7,서울특별시 양천구 목동동로 226-13,,,,,,,
POS043,오목교역,팔방교자,4,딤섬 / 만두,"6,225",9,서울특별시 양천구 오목로 330  1F,,,,,,,
POS043,오목교역,이키이키,4,라멘 / 소바 / 우동,"3,990",7,서울특별시 양천구 목동동로14길 10 1F,,,,,,,
POS043,오목교역,일미락,3.9,고기 요리,"121,073",109,서울특별시 양천구 목동동로 226-16,,,,,,,
POS043,오목교역,강릉스낵,3.9,기타 한식,"16,613",14,서울특별시 양천구 목동동로 228-2,,,,,,,
POS043,오목교역,나이스크림,3.9,카페 / 디저트,"4,050",6,서울특별시 양천구 목동서로 295 우림필유 1F 101-1호,,,,,,,
POS043,오목교역,오목집,3.8,고기 요리,"125,773",105,서울특별시 양천구 목동서로 155 파라곤 B1,,,,,,,
POS043,오목교역,락희안,3.8,정통 중식 / 일반 중식,"13,798",15,서울특별시 양천구 오목로 330 2-3F,,,,,,,
POS043,오목교역,애틱인서울하우스,3.8,카페 / 디저트,"1,703",7,서울특별시 양천구 오목로54길 9 수정빌딩 201호,,,,,,,
POS043,오목교역,라고파스타,3.7,기타 양식,"49,474",56,서울특별시 양천구 목동동로 293 현대 41 타워 1F,,,,,,,
POS044,왕십리역,돈까스전원,4.6,까스 요리,"92,100",47,서울특별시 성동구 왕십리로24길 13,,,,,,,
POS044,왕십리역,춘향미엔,4.3,딤섬 / 만두,"173,947",105,서울특별시 성동구 왕십리로21길 26 1F,,,,,,,
POS044,왕십리역,제일곱창,4.3,고기 요리,"68,606",57,서울특별시 성동구 고산자로 281,,,,,,,
POS044,왕십리역,왕십리정부네곱창,4.2,고기 요리,"11,439",13,서울특별시 성동구 고산자로 287,,,,,,,
POS044,왕십리역,주052,4.2,일반 주점,"10,559",15,서울특별시 성동구 고산자로14길 26,,,,,,,
POS044,왕십리역,마장황소곱창,4.2,고기 요리,"36,695",13,서울특별시 성동구 고산자로 288-3,,,,,,,
POS044,왕십리역,땅코참숯구이,4.1,고기 요리,"247,129",155,서울특별시 성동구 행당로17길 26 1F,,,,,,,
POS044,왕십리역,악어떡볶이,4.1,기타 한식,"83,300",120,서울특별시 성동구 마조로 33,,,,,,,
POS044,왕십리역,핏제리아,4.1,이탈리안,"33,659",26,서울특별시 성동구 마조로9길 6-5,,,,,,,
POS044,왕십리역,꼬랑치킨,4.1,닭 / 오리 요리,"26,766",17,서울특별시 성동구 행당로17길 11,,,,,,,
POS045,용산역,서울케밥,4.7,세계음식 기타,"133,867",117,서울특별시 용산구 새창로 181 선인상가 1F 11호,,,,,,,
POS045,용산역,FOURB,4.4,카페 / 디저트,"30,497",44,서울특별시 용산구 한강대로23길 55 리빙파크 4F,,,,,,,
POS045,용산역,오근내,4.3,닭 / 오리 요리,"143,882",162,서울특별시 용산구 이촌로29길 15,,,,,,,
POS045,용산역,오근내2닭갈비,4.3,닭 / 오리 요리,"28,543",59,서울특별시 용산구 한강대로11길 13 용일빌딩,,,,,,,
POS045,용산역,당스,4.2,칵테일 / 와인,"2,207",14,서울특별시 용산구 한강대로7길 23-5,,,,,,,
POS045,용산역,하이타이,4.2,태국 음식,"11,626",13,서울특별시 용산구 한강대로7길 18-5,,,,,,,
POS045,용산역,올딧세,4.2,카페 / 디저트,"4,974",8,서울특별시 용산구 한강대로21길 29-16  1F,,,,,,,
POS045,용산역,스톡드,4.1,카페 / 디저트,"9,517",33,서울특별시 용산구 한강대로7길 18-13 2F,,,,,,,
POS045,용산역,쇼니노,4.1,브런치 / 버거 / 샌드위치,"9,790",14,서울특별시 용산구 한강대로21길 17-18 1F,,,,,,,
POS045,용산역,서울드래곤시티,4.1,퓨전 양식,"29,042",7,서울특별시 용산구 청파로20길 95 노보텔스위트앰배서더용산 26F,,,,,,,
POS046,이태원역,크리스피포크타운,4.8,남미 음식,"62,059",52,서울 용산구 녹사평대로40길 47 1F,,,,,,,
POS046,이태원역,꾸잉,4.6,베트남 음식,"115,598",84,서울특별시 용산구 이태원로 189 1F,,,,,,,
POS046,이태원역,박소린두깜풍,4.6,다국적 아시아 음식,"44,751",40,서울특별시 용산구 보광로59길 9 2F,,,,,,,
POS046,이태원역,더티스낵,4.6,브런치 / 버거 / 샌드위치,"21,859",39,서울특별시 용산구 이태원로 169-1,,,,,,,
POS046,이태원역,브라이리퍼블릭,4.5,세계음식 기타,"491,327",386,서울특별시 용산구 이태원로14길 19,,,,,,,
POS046,이태원역,코지빌라커피,4.5,카페 / 디저트,"17,685",37,서울특별시 용산구 이태원로20길 32,,,,,,,
POS046,이태원역,야상해,4.4,딤섬 / 만두,"254,341",164,서울특별시 용산구 이태원로23길 6,,,,,,,
POS046,이태원역,하시엔다,4.4,남미 음식,"246,505",221,서울특별시 용산구 보광로 59길 10 1F,,,,,,,
POS046,이태원역,매덕스피자,4.4,기타 양식,"199,832",267,서울특별시 용산구 이태원로26길 26 2F,,,,,,,
POS046,이태원역,네키드윙즈,4.4,기타 양식,"131,290",157,서울특별시 용산구 녹사평대로 174-11,,,,,,,
POS047,장지역,버터램,3.9,기타 중식,"13,142",10,서울특별시 송파구 충민로 81-9 1F,,,,,,,
POS047,장지역,조광,3.6,일반 주점,"65,022",37,서울특별시 송파구 새말로8길 13 2F,,,,,,,
POS047,장지역,항아리닭갈비막국수,3.6,닭 / 오리 요리,"15,151",14,서울특별시 송파구 송파대로 111 착한식당촌,,,,,,,
POS047,장지역,카페드로잉,3.2,카페 / 디저트,"11,983",12,서울특별시 송파구 송파대로 111 송파파크하비오202동 166호,,,,,,,
POS047,장지역,마포소금구이,,고기 요리,"13,131",8,서울특별시 송파구 송파대로 106-13,,,,,,,
POS047,장지역,등촌샤브칼국수,,탕 / 찌개 / 전골,"10,115",8,서울특별시 송파구 새말로8길 9,,,,,,,
POS047,장지역,팬스테이크키친,,스테이크 / 바베큐,"12,427",17,서울특별시 송파구 충민로 66 현대시티몰 B1,,,,,,,
POS047,장지역,두끼,,기타 한식,"5,787",7,서울특별시 송파구 충민로 66 가든파이브 7F,,,,,,,
POS047,장지역,장지골양곱창전문집,,고기 요리,"9,054",8,서울특별시 송파구 새말로8길 24,,,,,,,
POS047,장지역,소면루,,한정식 / 백반 / 정통 한식,"9,890",4,서울특별시 송파구 송파대로 111 파크하비오 202동 133호,,,,,,,
POS048,장한평역,콘반,4.3,까스 요리,"7,487",8,서울특별시 동대문구 한천로26길 48-12 듀펠센터 1F,,,,,,,
POS048,장한평역,도톰,4.3,고기 요리,"6,622",7,서울특별시 동대문구 천호대로85길 28 1F,,,,,,,
POS048,장한평역,대흥설농탕,4.1,탕 / 찌개 / 전골,"14,777",11,서울특별시 동대문구 한천로 60,,,,,,,
POS048,장한평역,일미간장게장,3.6,한정식 / 백반 / 정통 한식,"56,646",36,서울특별시 동대문구 장한로24길 7,,,,,,,
POS048,장한평역,디어테이블,,브런치 / 버거 / 샌드위치,"34,853",24,서울특별시 동대문구 답십리로72길 68,,,,,,,
POS048,장한평역,대영식당,,고기 요리,"6,908",2,서울특별시 동대문구 장한로21길 9,,,,,,,
POS048,장한평역,장안설렁탕,,탕 / 찌개 / 전골,"3,870",4,서울특별시 동대문구 천호대로89길 3,,,,,,,
POS048,장한평역,양대창구이전문점,,고기 요리,"13,981",18,서울특별시 동대문구 장한로 58 태화빌딩 1F 101호,,,,,,,
POS048,장한평역,로이앤벨라,,이탈리안,"7,781",5,서울특별시 동대문구 장한로26길 42,,,,,,,
POS048,장한평역,송쉐프,,정통 중식 / 일반 중식,"4,676",6,서울특별시 동대문구 장한로2길 20 2F,,,,,,,
POS049,천호역,보타이,4.3,태국 음식,"131,866",86,서울특별시 강동구 풍성로 90 한스빌딩 1F,,,,,,,
POS049,천호역,등갈비달인,4.3,고기 요리,"20,462",15,서울특별시 강동구 천호대로158길 25 1F,,,,,,,
POS049,천호역,얌얌카츠,4.2,까스 요리,"43,967",34,서울특별시 강동구 천호옛14길 22 1F,,,,,,,
POS049,천호역,쭈꾸쭈꾸쭈꾸미,4.1,해산물 요리,"50,992",63,서울특별시 강동구 천호옛길 98,,,,,,,
POS049,천호역,아키노유키,4.1,이자카야 / 오뎅 / 꼬치,"67,107",45,서울특별시 강동구 올림픽로70길 50-7,,,,,,,
POS049,천호역,풍년상회쪽갈비,4.1,고기 요리,"43,413",28,서울특별시 강동구 천호옛14길 23-6,,,,,,,
POS049,천호역,똥찌비,4.1,일반 주점,"20,132",16,서울특별시 강동구 천호대로159길 25 1F,,,,,,,
POS049,천호역,대팔이네,4.1,탕 / 찌개 / 전골,"13,818",11,서울특별시 강동구 구천면로24길 20-9 1F,,,,,,,
POS049,천호역,푸지미곱창,4,고기 요리,"21,155",19,서울특별시 강동구 천호옛14길 23,,,,,,,
POS049,천호역,송월냉면,3.9,국수 / 면 요리,"14,566",15,서울특별시 강동구 구천면로29길 26,,,,,,,
POS050,총신대입구역,올라아보,4.5,남미 음식,"123,894",89,서울특별시 동작구 사당로 300 이수자이 116호,,,,,,,
POS050,총신대입구역,현고대닭발,4.3,닭 / 오리 요리,"42,273",20,서울특별시 동작구 동작대로23길 25,,,,,,,
POS050,총신대입구역,스시로로,4.1,회 / 스시,"225,244",232,서울특별시 동작구 동작대로23길 29 1F,,,,,,,
POS050,총신대입구역,쁘띠우스,4.1,브런치 / 버거 / 샌드위치,"2,670",14,서울특별시 동작구 사당로 300,,,,,,,
POS050,총신대입구역,그릴진,4.1,고기 요리,"2,209",5,서울특별시 동작구 동작대로27다길 31,,,,,,,
POS050,총신대입구역,애플하우스,4,기타 한식,"148,488",391,서울특별시 동작구 동작대로27다길 29 2F,,,,,,,
POS050,총신대입구역,농부쌈밥,4,한정식 / 백반 / 정통 한식,"67,990",33,서울특별시 동작구 사당로30길 19,,,,,,,
POS050,총신대입구역,무삥과팟타이,4,베트남 음식,"6,656",11,서울특별시 동작구 동작대로27다길 20 2F,,,,,,,
POS050,총신대입구역,팔각도,4,닭 / 오리 요리,"2,942",6,서울특별시 동작구 동작대로27다길 12 1F,,,,,,,
POS050,총신대입구역,정원분식,3.9,기타 한식,"26,228",20,서울특별시 동작구 사당로28길 5 1F,,,,,,,
POS051,충정로역,위드미치코,4.2,전통 주점 / 포차,"66,415",34,서울특별시 서대문구 충정로4길 20 102호,,,,,,,
POS051,충정로역,옐로우보울,3.9,기타 양식,"26,813",27,서울특별시 서대문구 충정로 7 구세군빌딩,,,,,,,
POS051,충정로역,에뚜왈,3.9,베이커리,"8,210",12,서울특별시 서대문구 충정로4길 28,,,,,,,
POS051,충정로역,철길떡볶이,3.7,기타 한식,"26,784",50,서울특별시 서대문구 충정로 35-6,,,,,,,
POS051,충정로역,고릴라,,고기 요리,"18,596",12,서울특별시 서대문구 충정로 22-2,,,,,,,
POS051,충정로역,충정각,,이탈리안,"11,751",10,서울특별시 서대문구 충정로2길 8 1F,,,,,,,
POS051,충정로역,호산나의정부부대찌개,,탕 / 찌개 / 전골,"3,907",5,서울특별시 서대문구 충정로4길 8,,,,,,,
POS051,충정로역,깐쪼네,,이탈리안,"6,703",6,서울특별시 서대문구 경기대로 23,,,,,,,
POS051,충정로역,깐부치킨,,닭 / 오리 요리,"6,086",6,서울특별시 중구 서소문로 38,,,,,,,
POS051,충정로역,청안식탁,,닭 / 오리 요리,"8,372",3,서울특별시 서대문구 충정로4길 21,,,,,,,
POS052,합정역,야키토리나루토,4.7,정통 일식 / 일반 일식,"100,279",46,서울특별시 마포구 독막로9길 26,,,,,,,
POS052,합정역,은하루,4.7,정통 중식 / 일반 중식,"22,317",26,서울특별시 마포구 월드컵로3길 56,,,,,,,
POS052,합정역,토파,4.6,이탈리안,"187,315",85,서울특별시 마포구 토정로3길 5 1F,,,,,,,
POS052,합정역,카와카츠,4.6,까스 요리,"79,421",105,서울특별시 마포구 양화로 78-7 1F,,,,,,,
POS052,합정역,담택,4.6,라멘 / 소바 / 우동,"92,364",101,서울특별시 마포구 월드컵로8길 34 1F,,,,,,,
POS052,합정역,멜드,4.6,기타 일식,"29,219",24,서울특별시 마포구 성지길 55 2F,,,,,,,
POS052,합정역,오레노라멘,4.5,라멘 / 소바 / 우동,"440,202",534,서울특별시 마포구 독막로6길 14,,,,,,,
POS052,합정역,이치류,4.5,스테이크 / 바베큐,"481,875",127,서울특별시 마포구 잔다리로3안길 44,,,,,,,
POS052,합정역,최강금돈까스,4.5,기타 한식,"49,369",78,서울특별시 마포구 월드컵로3길 31-30,,,,,,,
POS052,합정역,코바시,4.5,정통 일식 / 일반 일식,"33,298",15,서울특별시 마포구 양화로1길 25-3,,,,,,,
POS053,혜화역,혜화도담,4.5,한정식 / 백반 / 정통 한식,"163,101",40,서울특별시 종로구 대명1길 16-6,,,,,,,
POS053,혜화역,독일주택,4.4,치킨 / 호프 / 펍,"262,166",120,서울특별시 종로구 대명1길 16-4,,,,,,,
POS053,혜화역,버거파크,4.4,브런치 / 버거 / 샌드위치,"153,156",120,서울특별시 종로구 대학로11길 5 1F,,,,,,,
POS053,혜화역,어쩌다산책,4.4,카페 / 디저트,"87,591",53,서울특별시 종로구 동숭길 101 B1,,,,,,,
POS053,혜화역,수도원,4.4,칵테일 / 와인,"122,407",60,서울특별시 종로구 동숭3길 16 B1,,,,,,,
POS053,혜화역,핏제리아오,4.3,이탈리안,"184,608",214,서울특별시 종로구 동숭길 86 2 3F,,,,,,,
POS053,혜화역,계향각,4.3,정통 중식 / 일반 중식,"32,147",5,서울특별시 종로구 동숭길 86  1F,,,,,,,
POS053,혜화역,깔리,4.2,인도 음식,"294,265",219,서울특별시 종로구 대학로11길 43 명륜4가 171번지,,,,,,,
POS053,혜화역,뎁짜이,4.2,베트남 음식,"98,607",77,서울특별시 종로구 대학로11길 41-4,,,,,,,
POS053,혜화역,혜화칼국수,4.2,국수 / 면 요리,"82,740",91,서울특별시 종로구 창경궁로35길 13,,,,,,,
POS054,회기역,시키카츠,4.4,까스 요리,"131,772",76,서울특별시 동대문구 회기로 110 1F,,,,,,,
POS054,회기역,영천선비,4.3,고기 요리,"6,964",10,서울특별시 동대문구 회기로 137 1F,,,,,,,
POS054,회기역,회기왕족발보쌈,4.2,고기 요리,"210,774",142,서울특별시 동대문구 회기로 158,,,,,,,
POS054,회기역,알로하올라,4.2,카페 / 디저트,"12,694",9,서울특별시 동대문구 회기로 133-1 1F,,,,,,,
POS054,회기역,오관스시,4.1,회 / 스시,"136,039",69,서울특별시 동대문구 회기로 121,,,,,,,
POS054,회기역,멍군집,4.1,고기 요리,"23,920",21,서울특별시 동대문구 회기로 148-4,,,,,,,
POS054,회기역,놀부만두,4,기타 한식,"11,593",17,서울특별시 동대문구 망우로16길 15,,,,,,,
POS054,회기역,79번지국수집,4,국수 / 면 요리,"60,562",40,서울특별시 동대문구 회기로13길 25,,,,,,,
POS054,회기역,경발원,4,정통 중식 / 일반 중식,"68,021",37,서울특별시 동대문구 망우로21길 34,,,,,,,
POS054,회기역,레알라면,4,국수 / 면 요리,"56,196",53,서울특별시 동대문구 회기로25길 23-5,,,,,,,
POS055,수유동,미성반점,4.3,정통 중식 / 일반 중식,"1,944",5,서울특별시 강북구 4.19로 37,,,,,,,
POS055,수유동,대보명가,4.2,한정식 / 백반 / 정통 한식,"80,157",31,서울특별시 강북구 4.19로 69,,,,,,,
POS055,수유동,시래기화덕생선구이,4.2,탕 / 찌개 / 전골,"9,407",6,서울특별시 강북구 4.19로 61-1 1F,,,,,,,
POS055,수유동,엘림들깨수제비칼국수,4.1,국수 / 면 요리,"85,110",67,서울특별시 강북구 삼각산로 67,,,,,,,
POS055,수유동,다정도병인양,4.1,카페 / 디저트,"8,847",8,서울특별시 강북구 4.19로 41-1 2F,,,,,,,
POS055,수유동,헤비앤라이트,4,브런치 / 버거 / 샌드위치,"10,110",12,서울특별시 강북구 한천로143길 7 1F,,,,,,,
POS055,수유동,미즐카페엠,3.9,카페 / 디저트,"20,362",25,서울특별시 강북구 4.19로 107,,,,,,,
POS055,수유동,리트리트커피로스터즈,3.9,카페 / 디저트,"5,189",7,서울특별시 강북구 한천로139길 11,,,,,,,
POS055,수유동,다래함박스텍,3.9,스테이크 / 바베큐,"31,322",28,서울특별시 강북구 수유로 20-2,,,,,,,
POS055,수유동,몽브루,3.9,카페 / 디저트,"1,418",5,서울특별시 강북구 4.19로 105,,,,,,,
POS056,가락시장,용기수산,4.3,해산물 요리,"26,746",14,서울특별시 송파구 양재대로 932,,,,,,,
POS056,가락시장,온달수산,4.1,해산물 요리,"66,231",27,서울특별시 송파구 양재대로 932 농수산물도매시장,,,,,,,
POS056,가락시장,명가수산,4.1,해산물 요리,"12,734",14,서울특별시 송파구 양재대로 932 가락동 농수산물도매시장,,,,,,,
POS056,가락시장,가락몰은하c02호,,해산물 요리,"6,982",0,서울특별시 송파구 양재대로 932 가락몰 판매동 C02호,,,,,,,
POS056,가락시장,포항수산,,해산물 요리,"28,504",7,서울특별시 송파구 양재대로 932 가락몰 5관 회센터 1F,,,,,,,
POS056,가락시장,바다나라,,해산물 요리,"37,239",10,서울특별시 송파구 양재대로 932 농수산물도매시장,,,,,,,
POS056,가락시장,포브라더스,,베트남 음식,"3,101",3,서울특별시 송파구 양재대로 932 판매동 15-1호,,,,,,,
POS056,가락시장,돌고래회양념식당,,해산물 요리,89,1,서울특별시 송파구 중대로 55-2 가락몰5관 3F 007-1호,,,,,,,
POS056,가락시장,소정식당,,해산물 요리,"7,553",3,서울특별시 송파구 양재대로 932 가락몰 판매동 3F,,,,,,,
POS056,가락시장,고흥상회,,해산물 요리,"7,933",4,서울특별시 송파구 양재대로 932 가락몰 5관 회센터 1F,,,,,,,
POS057,가로수길,미라이,4.8,이자카야 / 오뎅 / 꼬치,"557,965",139,서울특별시 강남구 논현로153길 24 끌레르빌 1F,,,,,,,
POS057,가로수길,상진식감,4.8,까스 요리,"49,497",55,서울특별시 강남구 도산대로11길 31-10 B1,,,,,,,
POS057,가로수길,패티앤베지스,4.7,브런치 / 버거 / 샌드위치,"74,106",98,서울특별시 강남구 압구정로4길 11 1F,,,,,,,
POS057,가로수길,Sogak,4.6,정통 중식 / 일반 중식,"45,563",51,서울특별시 강남구 강남대로160길 17 1F,,,,,,,
POS057,가로수길,인딕,4.6,인도 음식,"174,491",83,서울특별시 강남구 압구정로4길 13 1F,,,,,,,
POS057,가로수길,삐아프,4.6,카페 / 디저트,"178,874",85,서울특별시 강남구 논현로175길 109  1F,,,,,,,
POS057,가로수길,야키토리묵,4.6,이자카야 / 오뎅 / 꼬치,"30,955",20,서울특별시 강남구 강남대로152길 23 B1,,,,,,,
POS057,가로수길,무아,4.6,퓨전 일식,"26,412",13,서울특별시 강남구 논현로151길 33 2F,,,,,,,
POS057,가로수길,와라야키,4.5,이자카야 / 오뎅 / 꼬치,"472,605",134,서울특별시 강남구 도산대로15길 6 대화빌딩,,,,,,,
POS057,가로수길,매덕스피자,4.5,기타 양식,"116,854",85,서울특별시 강남구 도산대로15길 11 1F,,,,,,,
POS058,광장시장,부촌육회,4.7,고기 요리,"31,390",42,서울특별시 종로구 종로 200 1F,,,,,,,
POS058,광장시장,부촌육회,4.6,고기 요리,"315,299",200,서울특별시 종로구 종로 200-12,,,,,,,
POS058,광장시장,광장시장,4.6,카페 / 디저트,"29,338",48,서울특별시 종로구 종로32길 2 105호,,,,,,,
POS058,광장시장,육회자매집,4.4,고기 요리,"95,475",182,서울특별시 종로구 종로 200-4 제우빌딩,,,,,,,
POS058,광장시장,은성횟집,4.3,해산물 요리,"36,720",29,서울특별시 종로구 창경궁로 88,,,,,,,
POS058,광장시장,전라도횟집,4.3,해산물 요리,"14,992",9,서울특별시 종로구 창경궁로 88,,,,,,,
POS058,광장시장,통큰누이네,4.3,한정식 / 백반 / 정통 한식,"3,670",7,서울특별시 종로구 동호로 403-24,,,,,,,
POS058,광장시장,순희네빈대떡,4.2,한정식 / 백반 / 정통 한식,"93,904",318,서울특별시 종로구 종로32길 5,,,,,,,
POS058,광장시장,창신육회,4.2,고기 요리,"152,870",153,서울특별시 종로구 종로 198-2,,,,,,,
POS058,광장시장,진주육회,4.2,고기 요리,"3,418",10,서울특별시 종로구 동호로 403-22,,,,,,,
POS059,김포공항,헤븐온탑,3.4,카페 / 디저트,"28,126",23,서울특별시 강서구 하늘길 38,,,,,,,
POS059,김포공항,딘타이펑,,딤섬 / 만두,"39,082",22,서울특별시 강서구 하늘길 38 롯데몰 김포공항점 B2,,,,,,,
POS059,김포공항,사보텐,,까스 요리,"17,423",11,서울특별시 강서구 하늘길 38 롯데몰 김포공항점 B2,,,,,,,
POS059,김포공항,사이드쇼,,기타 한식,"21,709",11,서울특별시 강서구 하늘길 38 롯데몰 김포공항점,,,,,,,
POS059,김포공항,안스베이커리,,카페 / 디저트,"19,040",11,서울특별시 강서구 하늘길 38 롯데몰 김포공항점 B2,,,,,,,
POS059,김포공항,생어거스틴,,다국적 아시아 음식,"30,498",9,서울특별시 강서구 하늘길 38 롯데몰 김포공항점 MF,,,,,,,
POS059,김포공항,리틀사이공,,베트남 음식,"42,475",16,서울특별시 강서구 하늘길 38,,,,,,,
POS059,김포공항,파스퇴르밀크바,,카페 / 디저트,"13,105",7,서울특별시 강서구 하늘길 38 롯데몰 김포공항점 MF,,,,,,,
POS059,김포공항,토끼정,,퓨전 일식,"14,669",5,서울특별시 강서구 하늘길 38 롯데몰 김포공항점 MF,,,,,,,
POS059,김포공항,가츠라,,까스 요리,"10,697",10,서울특별시 강서구 하늘길 38 롯데몰 김포공항점 B2,,,,,,,
POS060,낙산공원,어쩌다산책,4.4,카페 / 디저트,"87,592",53,서울특별시 종로구 동숭길 101 B1,,,,,,,
POS060,낙산공원,수도원,4.4,칵테일 / 와인,"122,410",60,서울특별시 종로구 동숭3길 16 B1,,,,,,,
POS060,낙산공원,Osso파스타,4.3,기타 양식,"170,344",85,서울특별시 종로구 낙산길 21,,,,,,,
POS060,낙산공원,핏제리아오,4.3,이탈리안,"184,610",214,서울특별시 종로구 동숭길 86 2 3F,,,,,,,
POS060,낙산공원,계향각,4.3,정통 중식 / 일반 중식,"32,148",5,서울특별시 종로구 동숭길 86  1F,,,,,,,
POS060,낙산공원,왕십리순대국,4.2,탕 / 찌개 / 전골,"17,358",11,서울특별시 종로구 율곡로 220-1,,,,,,,
POS060,낙산공원,대규스시,4,회 / 스시,"17,264",13,서울특별시 종로구 동숭3길 1,,,,,,,
POS060,낙산공원,하이제씨,3.9,카페 / 디저트,"44,991",50,서울특별시 종로구 동숭1길 12,,,,,,,
POS060,낙산공원,온혜화,3.9,베이커리,"33,760",36,서울특별시 종로구 대학로12길 80 1F,,,,,,,
POS060,낙산공원,보통의,3.9,카페 / 디저트,"26,386",25,서울특별시 종로구 동숭길 51 1F,,,,,,,
POS061,노량진,운봉산장양고기전문점,4.5,고기 요리,"100,147",54,서울특별시 동작구 장승배기로 118-1,,,,,,,
POS061,노량진,전라상회,4.4,해산물 요리,"76,390",30,서울특별시 동작구 노들로 674 노량진 수산물도매시장 1F 활어-161,,,,,,,
POS061,노량진,김씨마구로,4.3,회 / 스시,"84,169",28,서울특별시 동작구 노들로 674 노량진수산물도매시장 신시장 2F,,,,,,,
POS061,노량진,독도수산,4.3,해산물 요리,"37,066",25,서울특별시 동작구 노들로 674 노량진수산시장 신관 1F 활어2-4호,,,,,,,
POS061,노량진,다독이네,4.3,고기 요리,"43,389",30,서울특별시 동작구 노량진로 106-5 1F,,,,,,,
POS061,노량진,청양수산,4.3,해산물 요리,"18,864",14,서울특별시 동작구 노들로 688 노량진수산시장 고급 28호,,,,,,,
POS061,노량진,오꼬노미스토리,4.3,철판 요리,"61,241",26,서울특별시 동작구 노량진로10길 27,,,,,,,
POS061,노량진,형제상회,4.2,해산물 요리,"452,541",126,서울특별시 동작구 노들로 674 노량진수산시장 1F 활어-172,,,,,,,
POS061,노량진,일성수산,4.2,해산물 요리,"8,537",16,서울특별시 동작구 노들로 688,,,,,,,
POS061,노량진,와플스,4.1,카페 / 디저트,"7,521",13,서울특별시 동작구 노량진로16길 26 1F,,,,,,,
POS062,덕수궁길,한암동,4.2,고기 요리,"11,787",13,서울특별시 중구 정동길 21-15 정동빌딩 1F,,,,,,,
POS062,덕수궁길,덕수정,4,탕 / 찌개 / 전골,"36,026",32,서울특별시 중구 정동길 41,,,,,,,
POS062,덕수궁길,르풀,3.9,카페 / 디저트,"29,189",33,서울특별시 중구 정동길 33,,,,,,,
POS062,덕수궁길,라운드앤드,3.9,베이커리,"6,989",29,서울특별시 중구 정동길 35 두비빌딩 1F,,,,,,,
POS062,덕수궁길,라그린,3.9,카페 / 디저트,"13,374",15,서울특별시 중구 정동길 26 이화여고100주년기념관,,,,,,,
POS062,덕수궁길,허수아비돈까스,3.9,까스 요리,"27,809",20,서울특별시 중구 정동길 2-2,,,,,,,
POS062,덕수궁길,커피루소,3.8,카페 / 디저트,"50,333",73,서울특별시 중구 정동길 17 이화정동빌딩 1F,,,,,,,
POS062,덕수궁길,오드하우스,3.8,브런치 / 버거 / 샌드위치,"1,740",5,서울특별시 중구 정동길 33,,,,,,,
POS062,덕수궁길,전광수커피하우스,3.6,카페 / 디저트,"7,500",16,서울특별시 중구 정동길 39,,,,,,,
POS062,덕수궁길,정원레스토랑,3.5,이탈리안,"47,784",173,서울특별시 중구 정동길 12-15,,,,,,,
POS063,방배역,바게틴,4.4,베이커리,"2,067",9,서울특별시 서초구 방배로 58 103호,,,,,,,
POS063,방배역,더블딥커피,4.1,카페 / 디저트,"5,981",9,서울특별시 서초구 방배로11길 21 상가 2호,,,,,,,
POS063,방배역,신미경정통춘천닭갈비,4,닭 / 오리 요리,"20,280",22,서울특별시 서초구 방배로16길 11-3,,,,,,,
POS063,방배역,까르니브라질그릴,4,남미 음식,"32,666",16,서울특별시 서초구 방배로 83-9,,,,,,,
POS063,방배역,만다린,3.8,정통 중식 / 일반 중식,"9,946",19,서울특별시 서초구 방배로6길 10-15 대영빌딩,,,,,,,
POS063,방배역,댓짱돈까스,3.6,까스 요리,"33,190",63,서울특별시 서초구 방배로 43,,,,,,,
POS063,방배역,오브시에,3.6,카페 / 디저트,"1,537",5,서울특별시 서초구 방배로11길 22,,,,,,,
POS063,방배역,청담동마녀김밥,3.5,기타 한식,"4,061",7,서울특별시 서초구 방배로 89,,,,,,,
POS063,방배역,일도씨닭갈비,3.3,닭 / 오리 요리,"13,995",28,서울특별시 서초구 방배로8길 4 우진빌딩,,,,,,,
POS063,방배역,선화의무한리필,3.2,뷔페,"6,898",24,서울특별시 서초구 효령로31길 7,,,,,,,
POS064,북촌한옥마을,일월카츠,4.7,까스 요리,"39,147",35,서울특별시 종로구 계동길 17 1F,,,,,,,
POS064,북촌한옥마을,오레노라멘,4.5,라멘 / 소바 / 우동,"125,457",98,서울특별시 종로구 율곡로 49-4 1F,,,,,,,
POS064,북촌한옥마을,톤티커피,4.5,카페 / 디저트,"17,008",34,서울특별시 종로구 북촌로 6-8,,,,,,,
POS064,북촌한옥마을,도마유즈라멘,4.4,라멘 / 소바 / 우동,"38,198",46,서울특별시 종로구 북촌로2길 14,,,,,,,
POS064,북촌한옥마을,깡통만두,4.3,한정식 / 백반 / 정통 한식,"369,203",258,서울특별시 종로구 북촌로2길 5-6 1F,,,,,,,
POS064,북촌한옥마을,소금집델리,4.3,브런치 / 버거 / 샌드위치,"117,029",170,서울특별시 종로구 북촌로4길 19 1F,,,,,,,
POS064,북촌한옥마을,다운타우너,4.3,브런치 / 버거 / 샌드위치,"49,918",86,서울특별시 종로구 북촌로 6-4 1F,,,,,,,
POS064,북촌한옥마을,델픽,4.3,카페 / 디저트,"20,710",36,서울특별시 종로구 계동길 84-3,,,,,,,
POS064,북촌한옥마을,반타이,4.3,태국 음식,"72,723",51,서울특별시 종로구 율곡로 65,,,,,,,
POS064,북촌한옥마을,갈로팡,4.3,프랑스 음식,"53,725",11,서울특별시 종로구 북촌로4길 16 2F,,,,,,,
POS065,서촌,호라파,4.8,태국 음식,"14,806",17,서울특별시 종로구 자하문로 37-1 2F,,,,,,,
POS065,서촌,BAR,4.7,칵테일 / 와인,"127,853",45,서울특별시 종로구 자하문로7길 34,,,,,,,
POS065,서촌,팔마,4.5,퓨전 양식,"125,304",55,서울특별시 종로구 자하문로5길 39 1F,,,,,,,
POS065,서촌,물랑,4.5,프랑스 음식,"92,313",33,서울특별시 종로구 자하문로16길 8 1F,,,,,,,
POS065,서촌,아키비스트,4.5,카페 / 디저트,"45,792",60,서울특별시 종로구 효자로13길 52 1F,,,,,,,
POS065,서촌,도취,4.4,퓨전 한식,"81,823",57,서울특별시 종로구 옥인길 23-6 누상빌라 B1,,,,,,,
POS065,서촌,공기식당,4.4,돈부리 / 일본 카레 / 벤토,"138,643",91,서울특별시 종로구 필운대로6길 20-1 1F,,,,,,,
POS065,서촌,김진목삼,4.4,고기 요리,"170,831",106,서울특별시 종로구 자하문로1길 51 1F,,,,,,,
POS065,서촌,스쿠퍼,4.4,카페 / 디저트,"30,821",71,서울특별시 종로구 자하문로7길 10 1F,,,,,,,
POS065,서촌,김진목삼,4.4,고기 요리,"36,880",27,서울특별시 종로구 자하문로1가길 9,,,,,,,
POS066,성수동 카페,프롤라,4.6,카페 / 디저트,"52,189",56,서울특별시 성동구 연무장17길 5 1F,,,,,,,
POS066,성수동 카페,발렁스,4.6,카페 / 디저트,"79,347",67,서울특별시 성동구 성수일로4길 49,,,,,,,
POS066,성수동 카페,높은산,4.6,카페 / 디저트,"32,223",31,서울특별시 성동구 성수이로 18-1,,,,,,,
POS066,성수동 카페,핀즈,4.5,카페 / 디저트,"39,455",31,서울특별시 성동구 성수일로3길 4-13 2F,,,,,,,
POS066,성수동 카페,로우커피스탠드,4.4,카페 / 디저트,"137,822",89,서울특별시 성동구 왕십리로4길 28-2 1F,,,,,,,
POS066,성수동 카페,로우키,4.3,카페 / 디저트,"51,546",61,서울특별시 성동구 연무장3길 6,,,,,,,
POS066,성수동 카페,당도,4.3,카페 / 디저트,"52,317",57,서울특별시 성동구 왕십리로 80 2F,,,,,,,
POS066,성수동 카페,포지티브,4.3,카페 / 디저트,"18,859",23,서울특별시 성동구 서울숲2길 45,,,,,,,
POS066,성수동 카페,먼치스앤구디스,4.3,베이커리,"18,411",14,서울특별시 성동구 연무장길 33 1F,,,,,,,
POS066,성수동 카페,베티버,4.3,카페 / 디저트,"6,305",10,서울특별시 성동구 성덕정11길 18 1F,,,,,,,
POS067,수유역,리트리트커피로스터즈,3.9,카페 / 디저트,"5,190",7,서울특별시 강북구 한천로139길 11,,,,,,,
POS067,수유역,쿠시,3.8,이자카야 / 오뎅 / 꼬치,"11,910",12,서울특별시 강북구 노해로8길 9-20,,,,,,,
POS067,수유역,양다리걸쳤네,3.7,기타 중식,"50,675",21,서울특별시 강북구 노해로8길 16 우암센스뷰 101호,,,,,,,
POS067,수유역,칠복상회,3.6,카페 / 디저트,"26,151",33,서울특별시 한천로139가길 15 1F,,,,,,,
POS067,수유역,상미규카츠,3.3,까스 요리,"24,571",26,서울특별시 강북구 도봉로87길 32,,,,,,,
POS067,수유역,귀품찬,,고기 요리,"40,635",15,서울특별시 강북구 도봉로 313,,,,,,,
POS067,수유역,미녀가든,,고기 요리,"5,298",4,서울특별시 강북구 한천로139나길 22,,,,,,,
POS067,수유역,대동집,,일반 주점,"3,040",2,서울특별시 강북구 도봉로87길 9-8,,,,,,,
POS067,수유역,스시도리,,회 / 스시,"14,126",6,서울특별시 강북구 한천로139길 29,,,,,,,
POS067,수유역,재영통닭,,닭 / 오리 요리,"6,844",4,서울특별시 강북구 도봉로87길 40,,,,,,,
POS068,쌍문동,쌍문동판다쓰,4.1,정통 중식 / 일반 중식,"49,732",37,서울특별시 도봉구 우이천로24길 49 다온쉐르빌,,,,,,,
POS068,쌍문동,원성반점,4,정통 중식 / 일반 중식,"18,217",16,서울특별시 도봉구 노해로 233-1,,,,,,,
POS068,쌍문동,쌍문동커피,4,카페 / 디저트,"20,545",20,서울특별시 도봉구 도봉로116길 5,,,,,,,
POS068,쌍문동,가배미혼,3.8,카페 / 디저트,"16,410",16,서울특별시 도봉구 도봉로115길 4,,,,,,,
POS068,쌍문동,동적불고기,3.8,고기 요리,"23,508",31,서울특별시 도봉구 도봉로109길 30 1F,,,,,,,
POS068,쌍문동,사이코우스시,3.7,회 / 스시,"32,223",25,서울특별시 도봉구 방학로7길 99,,,,,,,
POS068,쌍문동,도본,3.5,카페 / 디저트,"7,665",16,서울특별시 도봉구 우이천로 288-3 1F,,,,,,,
POS068,쌍문동,옛집갈비,,고기 요리,"2,478",2,서울특별시 도봉구 도봉로109길 24,,,,,,,
POS068,쌍문동,푸쿠푸쿠,,카페 / 디저트,"11,427",12,서울특별시 도봉구 노해로45길 17 1F,,,,,,,
POS068,쌍문동,굽모닝닭오리숯불바베큐,,치킨 / 호프 / 펍,"3,222",9,서울특별시 도봉구 도봉로109길 7,,,,,,,
POS069,압구정로데오거리,시라카와,4.8,이자카야 / 오뎅 / 꼬치,"355,437",77,서울특별시 강남구 선릉로161길 7 1F,,,,,,,
POS069,압구정로데오거리,까폼,4.7,태국 음식,"114,372",72,서울특별시 강남구 선릉로153길 18 B1,,,,,,,
POS069,압구정로데오거리,롸카두들내쉬빌핫치킨,4.6,브런치 / 버거 / 샌드위치,"134,851",115,서울특별시 강남구 언주로164길 35-3 1F,,,,,,,
POS069,압구정로데오거리,일리조,4.6,이탈리안,"87,208",59,서울특별시 강남구 압구정로42길 23 1F,,,,,,,
POS069,압구정로데오거리,가디록,4.5,이탈리안,"171,155",68,서울특별시 강남구 도산대로45길 18-4 2F,,,,,,,
POS069,압구정로데오거리,카츠바이콘반,4.5,까스 요리,"95,388",131,서울특별시 강남구 선릉로153길 36,,,,,,,
POS069,압구정로데오거리,임프레션,4.5,프랑스 음식,"57,379",31,서울특별시 강남구 언주로164길 24 5F,,,,,,,
POS069,압구정로데오거리,파씨오네,4.4,프랑스 음식,"540,485",155,서울특별시 강남구 언주로164길 39,,,,,,,
POS069,압구정로데오거리,골드피쉬딤섬퀴진,4.4,딤섬 / 만두,"341,706",256,서울특별시 강남구 압구정로48길 35 투구빌딩 2F,,,,,,,
POS069,압구정로데오거리,갓포아키,4.4,이자카야 / 오뎅 / 꼬치,"450,927",141,서울특별시 강남구 도산대로45길 8-3 쿠키빌딩,,,,,,,
POS070,여의도,스시다정,4.6,회 / 스시,"22,986",14,서울특별시 영등포구 국제금융로 70 B1 19호,,,,,,,
POS070,여의도,스시아라타,4.4,회 / 스시,"326,841",51,서울특별시 영등포구 국제금융로8길 16 B1 B124호,,,,,,,
POS070,여의도,바이러닉에스프레소바,4.4,카페 / 디저트,"42,122",41,서울특별시 영등포구 의사당대로 38  1F,,,,,,,
POS070,여의도,아루히,4.4,회 / 스시,"55,663",10,서울특별시 영등포구 여의나루로 42 2F 229-230호,,,,,,,
POS070,여의도,로바,4.4,퓨전 일식,"94,321",13,서울특별시 영등포구 여의대로 108 더현대서울 6F,,,,,,,
POS070,여의도,정인면옥,4.3,국수 / 면 요리,"166,730",211,서울특별시 영등포구 국회대로76길 10 기독교침례회총회빌딩 1F,,,,,,,
POS070,여의도,아루히,4.3,회 / 스시,"102,113",35,서울특별시 영등포구 여의나루로 42 2F,,,,,,,
POS070,여의도,가양칼국수버섯매운탕,4.3,국수 / 면 요리,"207,001",171,서울특별시 영등포구 국제금융로 78 홍우빌딩 B1,,,,,,,
POS070,여의도,르프리크,4.3,브런치 / 버거 / 샌드위치,"44,462",58,서울특별시 영등포구 여의대로 108 더현대서울 B1,,,,,,,
POS070,여의도,브루클린더버거조인트,4.3,브런치 / 버거 / 샌드위치,"63,669",43,서울특별시 영등포구 국제금융로2길 24 삼성생명빌딩 1F 2호,,,,,,,
POS071,연남동,소점,4.7,철판 요리,"154,036",81,서울특별시 마포구 성미산로17길 99,,,,,,,
POS071,연남동,파델라,4.7,이탈리안,"205,907",69,서울특별시 마포구 연남로1길 11 1F,,,,,,,
POS071,연남동,하나라멘,4.7,라멘 / 소바 / 우동,"36,600",52,서울특별시 마포구 동교로38길 27-4 1F,,,,,,,
POS071,연남동,조앤도슨,4.7,카페 / 디저트,"40,850",43,서울특별시 마포구 동교로41길 31 B1,,,,,,,
POS071,연남동,무겐스위치,4.7,라멘 / 소바 / 우동,"39,620",32,서울특별시 마포구 동교로 242-13,,,,,,,
POS071,연남동,우주옥,4.6,국수 / 면 요리,"81,543",45,서울특별시 마포구 동교로50길 11 B02호,,,,,,,
POS071,연남동,파이리퍼블릭,4.6,다국적 퓨전,"116,856",50,서울특별시 마포구 양화로23길 10-10 B1,,,,,,,
POS071,연남동,아트와떵,4.6,프랑스 음식,"4,486",13,서울특별시 마포구 동교로50길 25,,,,,,,
POS071,연남동,쿠시파파,4.6,이자카야 / 오뎅 / 꼬치,"17,609",10,서울특별시 마포구 동교로 256-4 B1,,,,,,,
POS071,연남동,리틀빅토리,4.5,카페 / 디저트,"193,271",138,서울특별시 마포구 연희로1길 41,,,,,,,
POS072,영등포 타임스퀘어,에베레스트,4.1,인도 음식,"223,981",191,서울특별시 영등포구 경인로 838-1,,,,,,,
POS072,영등포 타임스퀘어,오월의종,4.1,베이커리,"127,668",120,서울특별시 영등포구 영중로 15,,,,,,,
POS072,영등포 타임스퀘어,쉐이크쉑,4.1,브런치 / 버거 / 샌드위치,"12,929",28,서울특별시 영등포구 영중로 15 타임스퀘어 1F,,,,,,,
POS072,영등포 타임스퀘어,버터핑거팬케익스,4,브런치 / 버거 / 샌드위치,"37,882",33,서울특별시 영등포구 영중로 15 타임스퀘어 4F,,,,,,,
POS072,영등포 타임스퀘어,소맥베이커리,3.9,베이커리,"9,167",10,서울특별시 영등포구 영중로 9 B관 B1,,,,,,,
POS072,영등포 타임스퀘어,커피리브레,3.8,카페 / 디저트,"29,889",42,서울특별시 영등포구 영중로 15 타임스퀘어 1F,,,,,,,
POS072,영등포 타임스퀘어,마호가니커피,3.6,카페 / 디저트,"28,292",40,서울특별시 영등포구 영중로 15 타임스퀘어 3F,,,,,,,
POS072,영등포 타임스퀘어,낙원테산도,3.6,정통 일식 / 일반 일식,"10,258",9,서울특별시 영등포구 영중로 15 타임스퀘어 4F,,,,,,,
POS072,영등포 타임스퀘어,카페마마스,3.5,브런치 / 버거 / 샌드위치,"35,809",90,서울특별시 영등포구 영중로 15 타임스퀘어 4F 417호,,,,,,,
POS072,영등포 타임스퀘어,송죽장,3.4,정통 중식 / 일반 중식,"54,167",108,서울특별시 영등포구 영중로 21,,,,,,,
POS073,외대앞,영화장,4,정통 중식 / 일반 중식,"227,077",134,서울특별시 동대문구 휘경로 3-8,,,,,,,
POS073,외대앞,레알라면,4,국수 / 면 요리,"56,198",53,서울특별시 동대문구 회기로25길 23-5,,,,,,,
POS073,외대앞,마루기,,라멘 / 소바 / 우동,"32,283",36,서울특별시 동대문구 이문로28길 16,,,,,,,
POS073,외대앞,허브영양족발,,고기 요리,"24,967",20,서울특별시 동대문구 휘경로3길 11-2,,,,,,,
POS073,외대앞,르안타이,,태국 음식,"18,031",20,서울특별시 동대문구 휘경로2길 40,,,,,,,
POS073,외대앞,주수사,,회 / 스시,"20,991",15,서울특별시 동대문구 이문로17길 4,,,,,,,
POS073,외대앞,베브릿지,,카페 / 디저트,"13,046",14,서울특별시 동대문구 휘경로 4-10,,,,,,,
POS073,외대앞,뽀르뚜아,,베이커리,"13,091",20,서울특별시 동대문구 휘경로 9,,,,,,,
POS074,용리단길,판코네,4.8,이탈리안,"23,441",43,서울특별시 용산구 한강대로40가길 7 풍양빌딩 1F,,,,,,,
POS074,용리단길,양인환대극진,4.7,스테이크 / 바베큐,"46,559",19,서울특별시 용산구 한강대로40길 14 1F 104호,,,,,,,
POS074,용리단길,양인환대,4.6,퓨전 한식,"30,612",10,서울특별시 용산구 한강대로40길 14 2F 104호,,,,,,,
POS074,용리단길,포카치아델라스트라다,4.5,이탈리안,"67,098",71,서울특별시 용산구 한강대로46길 11,,,,,,,
POS074,용리단길,능동미나리,4.4,탕 / 찌개 / 전골,"10,160",13,서울특별시 용산구 한강대로40길 28,,,,,,,
POS074,용리단길,꺼거,4.3,정통 중식 / 일반 중식,"100,826",77,서울특별시 용산구 한강대로48길 10,,,,,,,
POS074,용리단길,더백테라스,4.3,브런치 / 버거 / 샌드위치,"52,148",40,서울특별시 용산구 한강대로40길 26 3F,,,,,,,
POS074,용리단길,물고기주택,4.3,해산물 요리,"48,087",25,서울특별시 용산구 한강대로48길 19,,,,,,,
POS074,용리단길,카페손,4.3,카페 / 디저트,"3,992",8,서울특별시 용산구 한강대로40길 33  501호,,,,,,,
POS074,용리단길,셰프정현,4.3,퓨전 한식,"1,083",4,서울특별시 용산구 한강대로40길 14,,,,,,,
POS075,이태원동,크리스피포크타운,4.8,남미 음식,"62,065",52,서울 용산구 녹사평대로40길 47 1F,,,,,,,
POS075,이태원동,꾸잉,4.6,베트남 음식,"115,601",84,서울특별시 용산구 이태원로 189 1F,,,,,,,
POS075,이태원동,내추럴하이,4.6,퓨전 양식,"62,709",33,서울특별시 용산구 녹사평대로 248 1F,,,,,,,
POS075,이태원동,박소린두깜풍,4.6,다국적 아시아 음식,"44,753",40,서울특별시 용산구 보광로59길 9 2F,,,,,,,
POS075,이태원동,더티스낵,4.6,브런치 / 버거 / 샌드위치,"21,864",39,서울특별시 용산구 이태원로 169-1,,,,,,,
POS075,이태원동,브라이리퍼블릭,4.5,세계음식 기타,"491,332",386,서울특별시 용산구 이태원로14길 19,,,,,,,
POS075,이태원동,르페셰미뇽,4.5,카페 / 디저트,"131,969",121,서울특별시 용산구 녹사평대로40가길 3-3 2F,,,,,,,
POS075,이태원동,캘리포니아키친앤크래프트펍,4.5,치킨 / 호프 / 펍,"61,332",41,서울특별시 용산구 회나무로26길 3 라인빌 2F,,,,,,,
POS075,이태원동,코지빌라커피,4.5,카페 / 디저트,"17,686",37,서울특별시 용산구 이태원로20길 32,,,,,,,
POS075,이태원동,롸카두들내쉬빌핫치킨,4.4,브런치 / 버거 / 샌드위치,"179,955",189,서울특별시 용산구 녹사평대로40나길 9 1F,,,,,,,
POS076,인사동,다차공간,4.4,카페 / 디저트,"5,018",4,서울특별시 종로구 인사동길 50 4F,,,,,,,
POS076,인사동,누룩나무,4.2,전통 주점 / 포차,"114,744",31,서울특별시 종로구 인사동16길 13,,,,,,,
POS076,인사동,오수흑두부,4.2,한정식 / 백반 / 정통 한식,"77,945",26,서울특별시 종로구 인사동8길 12-2,,,,,,,
POS076,인사동,오근내5닭갈비,4.2,닭 / 오리 요리,"10,862",15,서울특별시 종로구 인사동길 49,,,,,,,
POS076,인사동,사월의물고기,4.1,카페 / 디저트,"95,985",62,서울특별시 종로구 인사동길 62-5 충훈빌딩 2F,,,,,,,
POS076,인사동,스페이스오,4.1,한정식 / 백반 / 정통 한식,"5,195",7,서울특별시 종로구 인사동길 49 12F,,,,,,,
POS076,인사동,반짝반짝빛나는,4,카페 / 디저트,"275,818",157,서울특별시 종로구 인사동길 28-1 2F,,,,,,,
POS076,인사동,아름다운차박물관,4,카페 / 디저트,"41,899",25,서울특별시 종로구 인사동길 19-11,,,,,,,
POS076,인사동,발우공양,4,한정식 / 백반 / 정통 한식,"93,616",31,서울특별시 종로구 우정국로 56,,,,,,,
POS076,인사동,엄용백돼지국밥,4,탕 / 찌개 / 전골,"21,841",40,서울특별시 종로구 인사동3길 20,,,,,,,
POS077,도봉구 창동,코노하카레,4.2,돈부리 / 일본 카레 / 벤토,"63,693",41,서울특별시 도봉구 우이천로20길 7 103동상가 1F,,,,,,,
POS077,도봉구 창동,마쯔무라돈까스,4.2,까스 요리,"113,088",91,서울특별시 도봉구 노해로63길 84 B1,,,,,,,
POS077,도봉구 창동,스마일닭강정,4.1,닭 / 오리 요리,"10,850",10,서울특별시 도봉구 도봉로110아길 7 1F,,,,,,,
POS077,도봉구 창동,쌍문동커피,4,카페 / 디저트,"20,546",20,서울특별시 도봉구 도봉로116길 5,,,,,,,
POS077,도봉구 창동,면장우동,4,라멘 / 소바 / 우동,"18,919",19,서울특별시 도봉구 도봉로118길 10,,,,,,,
POS077,도봉구 창동,패멩베이커리,4,카페 / 디저트,"11,141",8,서울특별시 도봉구 도봉로116길 4,,,,,,,
POS077,도봉구 창동,김화자카페,3.9,카페 / 디저트,"28,078",26,서울특별시 도봉구 도봉로114길 50,,,,,,,
POS077,도봉구 창동,카페오븐,3.9,카페 / 디저트,"25,841",24,서울특별시 도봉구 해등로16길 12 현대아파트,,,,,,,
POS077,도봉구 창동,겨리,3.9,돈부리 / 일본 카레 / 벤토,"10,078",10,서울특별시 도봉구 도봉로112길 29 1F,,,,,,,
POS077,도봉구 창동,도봉관,3.9,카페 / 디저트,"12,437",25,서울특별시 도봉구 노해로 261 더럭스나인,,,,,,,
POS078,청담동,스시카나에,4.6,회 / 스시,"419,898",112,서울특별시 강남구 도산대로75길 15 노노빌딩 2F,,,,,,,
POS078,청담동,슬로우치즈,4.6,브런치 / 버거 / 샌드위치,"171,826",76,서울특별시 강남구 삼성로145길 13 101호,,,,,,,
POS078,청담동,익스퀴진,4.6,퓨전 양식,"65,168",26,서울특별시 강남구 삼성로140길 6 라파빌딩,,,,,,,
POS078,청담동,엘레나영,4.6,이탈리안,"9,222",17,서울특별시 강남구 도산대로99길 47,,,,,,,
POS078,청담동,키겐,4.6,기타 일식,"60,118",17,서울특별시 강남구 언주로150길 51 B1,,,,,,,
POS078,청담동,호시쿠,4.6,회 / 스시,"18,940",19,서울특별시 강남구 도산대로62길 13 1F,,,,,,,
POS078,청담동,한상더테이블,4.6,퓨전 한식,"11,799",9,서울특별시 강남구 선릉로148길 28  3F,,,,,,,
POS078,청담동,BISTROT,4.5,프랑스 음식,"407,883",157,서울특별시 강남구 선릉로158길 13-7 이안빌딩 1F,,,,,,,
POS078,청담동,페어링룸,4.5,이탈리안,"89,571",97,서울특별시 강남구 도산대로81길 14 1F,,,,,,,
POS078,청담동,스시렌,4.5,회 / 스시,"24,554",17,서울특별시 강남구 선릉로146길 27-8 2F,,,,,,,
POS079,제기동,안동집손칼국시,4.3,국수 / 면 요리,"14,264",15,서울특별시 동대문구 고산자로36길 3 경동시장 B1,,,,,,,
POS079,제기동,비나,4.3,인도 음식,"55,258",36,서울특별시 동대문구 안암로24길 4,,,,,,,
POS079,제기동,남원통닭,4.3,닭 / 오리 요리,"14,462",13,서울특별시 동대문구 제기동 635-1,,,,,,,
POS079,제기동,홍릉각,4.2,정통 중식 / 일반 중식,"73,937",56,서울특별시 동대문구 약령시로 90,,,,,,,
POS079,제기동,래디컬브루잉클럽,4.1,카페 / 디저트,"2,891",9,서울특별시 동대문구 안암로20길 7-12 1F,,,,,,,
POS079,제기동,춘천메밀막국수,4.1,국수 / 면 요리,"10,423",13,서울특별시 동대문구 고산자로38길 25,,,,,,,
POS079,제기동,홍콩중화요리,4.1,정통 중식 / 일반 중식,"8,953",11,서울특별시 동대문구 정릉천동로 107,,,,,,,
POS079,제기동,연어이야기,4.1,회 / 스시,"43,439",19,서울특별시 동대문구 고산자로 528-1,,,,,,,
POS079,제기동,토성옥,4.1,탕 / 찌개 / 전골,"8,152",8,서울특별시 동대문구 약령서길 28,,,,,,,
POS079,제기동,고래돈가스,4,기타 한식,"29,000",38,서울특별시 동대문구 안암로 154,,,,,,,
POS080,해방촌,조이스팔라펠,4.7,다국적 아시아 음식,"40,329",33,서울특별시 용산구 신흥로15길 18-8 보다서울 1F,,,,,,,
POS080,해방촌,해방촌,4.7,이탈리안,"79,606",57,서울특별시 용산구 신흥로 98,,,,,,,
POS080,해방촌,보니스피자펍,4.4,기타 양식,"314,420",461,서울특별시 용산구 신흥로3길 2,,,,,,,
POS080,해방촌,라구,4.4,기타 양식,"243,537",134,서울특별시 용산구 신흥로 42 1F,,,,,,,
POS080,해방촌,세몰리나클럽,4.4,이탈리안,"8,794",14,서울특별시 용산구 신흥로 59 1F,,,,,,,
POS080,해방촌,바이두부,4.4,기타 양식,"22,603",8,서울특별시 용산구 소월로20길 10,,,,,,,
POS080,해방촌,노이이탈리안하우스,4.4,이탈리안,"1,531",4,서울특별시 용산구 신흥로 28 1F,,,,,,,
POS080,해방촌,힐즈앤유로파,4.4,칵테일 / 와인,"7,575",8,서울특별시 용산구 신흥로 35 2F,,,,,,,
POS080,해방촌,카사블랑카,4.3,브런치 / 버거 / 샌드위치,"242,855",272,서울특별시 용산구 신흥로 35,,,,,,,
POS080,해방촌,오파토,4.3,베이커리,"27,908",32,서울특별시 용산구 신흥로12길 1 1F,,,,,,,
POS081,DDP,러시아케익,4.5,베이커리,"94,762",92,서울특별시 중구 을지로42길 7,,,,,,,
POS081,DDP,해남낙지,4.5,해산물 요리,"102,007",42,서울특별시 중구 을지로43길 9 연동빌딩 B1,,,,,,,
POS081,DDP,백송,4.4,고기 요리,"95,219",46,서울특별시 중구 다산로33다길 45 1F,,,,,,,
POS081,DDP,우육미,4.4,고기 요리,"66,475",36,서울특별시 중구 퇴계로 373,,,,,,,
POS081,DDP,진짜해장국,4.4,한정식 / 백반 / 정통 한식,"85,109",65,서울특별시 중구 장충단로 249-20 1F,,,,,,,
POS081,DDP,평양면옥,4.3,국수 / 면 요리,"106,925",224,서울특별시 중구 장충단로 207,,,,,,,
POS081,DDP,비엘티스테이크,4.3,스테이크 / 바베큐,"259,762",73,서울특별시 종로구 청계천로 279 JW메리어트 호텔 동대문 스퀘어 서울 2F,,,,,,,
POS081,DDP,은화계,4.3,닭 / 오리 요리,"65,026",50,서울특별시 중구 퇴계로 374 금성빌딩 1F,,,,,,,
POS081,DDP,혼고기,4.3,고기 요리,"17,378",7,서울특별시 중구 동호로20길 86,,,,,,,
POS081,DDP,사마르칸트시티,4.3,세계음식 기타,"34,475",24,서울특별시 중구 을지로42길 16 2F,,,,,,,
POS082,DMC,바스버거,3.6,브런치 / 버거 / 샌드위치,"32,250",44,서울특별시 마포구 월드컵북로56길 19 드림타워 2F,,,,,,,
POS082,DMC,봉추찜닭,,닭 / 오리 요리,"8,402",6,서울특별시 마포구 월드컵북로 396 1F,,,,,,,
POS082,DMC,생어거스틴,,태국 음식,"13,583",7,서울특별시 마포구 월드컵북로58길 10 더팬빌딩 2F,,,,,,,
POS082,DMC,강순자옛맛김치찌개,,탕 / 찌개 / 전골,160,2,경기도 고양시 덕양구 덕은동 425-123,,,,,,,
POS082,DMC,고씨네,,돈부리 / 일본 카레 / 벤토,"5,134",4,서울특별시 마포구 월드컵북로54길 25 2F 205호,,,,,,,
POS082,DMC,참토우,,고기 요리,"9,013",1,서울특별시 마포구 매봉산로2길 7,,,,,,,
POS082,DMC,디엠카페,,카페 / 디저트,"3,390",1,서울특별시 성동구 행당로 35 금북빌딩 4F,,,,,,,
POS082,DMC,렌위치,,브런치 / 버거 / 샌드위치,721,4,서울특별시 마포구 월드컵북로54길 12 디지털매직스페이스 1F,,,,,,,
POS082,DMC,맥도날드,,브런치 / 버거 / 샌드위치,132,3,서울특별시 마포구 월드컵북로54길 12,,,,,,,
POS082,DMC,빌리엔젤,,카페 / 디저트,"3,815",3,서울특별시 마포구 매봉산로 75,,,,,,,
POS083,강서한강,댓짱돈까스,,기타 한식,"1,769",1,서울특별시 강서구 양천로 401 강서한강자이타워 A동 203호,,,,,,,
POS083,강서한강,홍춘천치즈닭갈비,,닭 / 오리 요리,"2,347",1,서울특별시 강서구 양천로 401 강서한강자이타워 A동 104호,,,,,,,
POS083,강서한강,호치킨,,닭 / 오리 요리,"2,689",0,서울특별시 강서구 양천로 401 강서한강자이타워,,,,,,,
POS083,강서한강,이차돌,,고기 요리,516,0,서울특별시 강서구 양천로 401 1F,,,,,,,
POS084,고척,카페웰콤,4.3,카페 / 디저트,"13,192",10,경기도 이천시 신둔면 도자예술로62번길 28-22,,,,,,,
POS084,고척,데일리,,카페 / 디저트,"20,687",18,서울특별시 구로구 중앙로 9,,,,,,,
POS084,고척,트라토리아,,이탈리안,"3,212",3,경기도 이천시 신둔면 도자예술로62번길 27-9 1F,,,,,,,
POS084,고척,비어펍,,치킨 / 호프 / 펍,"5,852",3,서울특별시 구로구 경인로47길 30,,,,,,,
POS084,고척,한라참치,,회 / 스시,"2,175",1,서울특별시 구로구 경인로47길 48 1F,,,,,,,
POS084,고척,뒤뜰,,해산물 요리,"4,217",7,서울특별시 구로구 안양천로539길 6 고척빌딩,,,,,,,
POS084,고척,카페오르골,,카페 / 디저트,601,3,경기도 이천시 신둔면 도자예술로62번길 27-17 1F,,,,,,,
POS084,고척,르디투어,,베이커리,442,3,서울특별시 구로구 경인로43길 49 고척아이파크몰C동 2F,,,,,,,
POS084,고척,도네누,,고기 요리,"5,980",2,서울특별시 구로구 경인로47길 22,,,,,,,
POS084,고척,행운의집,,까스 요리,"5,235",5,서울특별시 구로구 경인로33길 72,,,,,,,
POS085,광나루,삼통치킨,,닭 / 오리 요리,"7,209",8,서울특별시 광진구 아차산로 589,,,,,,,
POS085,광나루,신선설농탕,,탕 / 찌개 / 전골,"5,763",13,서울특별시 광진구 천호대로 813,,,,,,,
POS085,광나루,광나루순대,,탕 / 찌개 / 전골,"11,390",9,서울특별시 광진구 아차산로 624 새시대약국,,,,,,,
POS085,광나루,미식광진,,,66,1,"서울시 광진구 광나루로584(구의동, 동서울빌딩) 1층",,,,,,,
POS085,광나루,컴포즈커피,,카페 / 디저트,195,1,서울특별시 광진구 천호대로 808 1202동 106호,,,,,,,
POS085,광나루,담소사골순대,,탕 / 찌개 / 전골,"4,818",6,서울특별시 광진구 천호대로 799,,,,,,,
POS085,광나루,킹콩부대찌개,,탕 / 찌개 / 전골,"3,470",3,서울특별시 광진구 아차산로 563,,,,,,,
POS085,광나루,광나루유황오리주물럭,,닭 / 오리 요리,"4,858",3,서울특별시 광진구 군자로 184,,,,,,,
POS085,광나루,할리스커피,,카페 / 디저트,"3,163",4,서울특별시 광진구 천호대로 808 광장12차 현대홈타운 1202동 상가 1F,,,,,,,
POS085,광나루,스타벅스,,카페 / 디저트,"2,897",3,서울특별시 광진구 아차산로 607,,,,,,,
POS087,국립중앙박물관,미타스,4.6,이자카야 / 오뎅 / 꼬치,"23,438",11,서울특별시 용산구 이촌로75길 16-9,,,,,,,
POS087,국립중앙박물관,한길포장마차,4.4,전통 주점 / 포차,"33,128",13,서울특별시 용산구 이촌로75길 16-9,,,,,,,
POS087,국립중앙박물관,잭슨피자,4.3,기타 양식,"26,300",17,서울특별시 용산구 서빙고로 67 파크타워상가 1F B12호,,,,,,,
POS087,국립중앙박물관,스즈란테이,4.1,정통 일식 / 일반 일식,"212,223",138,서울특별시 용산구 이촌로 245 로얄상가 B1,,,,,,,
POS087,국립중앙박물관,동빙고,4.1,카페 / 디저트,"114,398",156,서울특별시 용산구 이촌로 319,,,,,,,
POS087,국립중앙박물관,교토마블,4,베이커리,"45,276",23,서울특별시 용산구 서빙고로 69 파크타워 106동 지하상가,,,,,,,
POS087,국립중앙박물관,헬카페,3.9,카페 / 디저트,"34,449",47,서울특별시 용산구 이촌로 248 한강맨션 31동 208호,,,,,,,
POS087,국립중앙박물관,아경면선,3.9,국수 / 면 요리,"31,137",26,서울특별시 용산구 이촌로 248 한강맨션,,,,,,,
POS087,국립중앙박물관,브레드05,3.9,베이커리,"42,583",32,서울특별시 용산구 이촌로64길 61,,,,,,,
POS087,국립중앙박물관,미스랄라,3.8,카페 / 디저트,"18,321",16,서울특별시 용산구 이촌로65가길 72,,,,,,,
POS088,상암동,로랑,4.7,회 / 스시,"34,168",12,서울특별시 마포구 월드컵북로48길 28-11 1F,,,,,,,
POS088,상암동,상암회관,4.4,국수 / 면 요리,"16,680",13,서울특별시 마포구 월드컵북로54길 17 1F,,,,,,,
POS088,상암동,온타이키친,4.4,태국 음식,"1,575",5,서울특별시 마포구 월드컵북로54길 17 B1 126호,,,,,,,
POS088,상암동,우노네,4.3,이탈리안,"16,260",14,서울특별시 마포구 월드컵북로48길 33-7 1F,,,,,,,
POS088,상암동,와이키키마켓,4.3,닭 / 오리 요리,"28,840",12,서울특별시 마포구 마포나루길 332 C한강랜드 상암 유람선선착장,,,,,,,
POS088,상암동,목로,4.3,고기 요리,"1,063",6,서울특별시 마포구 매봉산로2길 25  B1,,,,,,,
POS088,상암동,춘천신숯불닭갈비,4.2,닭 / 오리 요리,"5,243",7,서울특별시 마포구 매봉산로2안길 12-6 1F,,,,,,,
POS088,상암동,영미화김밥,4.2,기타 한식,485,4,서울특별시 마포구 월드컵북로 381 상가동 105호,,,,,,,
POS088,상암동,온돈부리,4.1,돈부리 / 일본 카레 / 벤토,"71,236",60,서울특별시 마포구 월드컵북로54길 25 상암 푸르지오시티 2F,,,,,,,
POS088,상암동,가락,4.1,전통 주점 / 포차,"15,218",11,서울특별시 마포구 월드컵북로48길 49,,,,,,,
POS089,남산공원,패스트리부티크,4.6,베이커리,"260,949",109,서울특별시 중구 동호로 249 서울신라호텔 1F,,,,,,,
POS089,남산공원,유가,4.6,정통 중식 / 일반 중식,"45,629",31,서울특별시 중구 퇴계로12길 68,,,,,,,
POS089,남산공원,더파크뷰,4.5,뷔페,"290,376",172,서울특별시 중구 동호로 249 서울신라호텔 1F,,,,,,,
POS089,남산공원,아리아께,4.4,정통 일식 / 일반 일식,"220,356",60,서울특별시 중구 동호로 249 서울신라호텔 2F,,,,,,,
POS089,남산공원,제주연탄집,4.4,고기 요리,"14,123",26,서울특별시 중구 충무로2길 30-1,,,,,,,
POS089,남산공원,커피인쇄소,4.4,카페 / 디저트,"8,260",15,서울특별시 중구 퇴계로27길 12-5 2F,,,,,,,
POS089,남산공원,도우큐먼트,4.4,기타 양식,"7,091",15,서울특별시 중구 수표로 13,,,,,,,
POS089,남산공원,바이두부,4.4,기타 양식,"22,605",8,서울특별시 용산구 소월로20길 10,,,,,,,
POS089,남산공원,필동면옥,4.3,국수 / 면 요리,"121,129",271,서울특별시 중구 서애로 26,,,,,,,
POS089,남산공원,더라이브러리,4.3,카페 / 디저트,"206,105",159,서울특별시 중구 동호로 249 서울신라호텔 1F,,,,,,,
POS090,노들섬,블루메쯔,,세계음식 기타,408,1,서울특별시 용산구 양녕로 445 3F,,,,,,,
POS090,노들섬,마녀김밥,,기타 한식,565,2,서울특별시 용산구 양녕로 446,,,,,,,
POS090,노들섬,복순도가,,일반 주점,956,0,서울특별시 용산구 양녕로 446,,,,,,,
POS091,뚝섬,치카치카,3.9,카페 / 디저트,"19,124",16,서울특별시 성동구 성수이로3길 16,,,,,,,
POS091,뚝섬,아울림,,이탈리안,"9,549",7,서울특별시 성동구 서울숲4길 26 2F,,,,,,,
POS091,뚝섬,뚝섬해물탕,,해산물 요리,"5,605",4,서울특별시 성동구 성덕정19길 3,,,,,,,
POS091,뚝섬,용이네,,기타 한식,241,1,서울특별시 성동구 상원2길 1-10 1F,,,,,,,
POS091,뚝섬,뚝섬숯불갈비,,고기 요리,"5,226",10,서울특별시 성동구 왕십리로5길 12-3,,,,,,,
POS091,뚝섬,땅코참숯구이,,고기 요리,"1,147",4,서울특별시 성동구 성수일로4길 2 1F,,,,,,,
POS091,뚝섬,호천당,,까스 요리,"1,703",3,서울특별시 성동구 상원길 19,,,,,,,
POS091,뚝섬,뚝섬포구,,해산물 요리,735,1,서울특별시 성동구 왕십리로8길 19-4 1F,,,,,,,
POS091,뚝섬,뚝섬대만우육면,,기타 중식,"2,269",1,서울특별시 성동구 상원1길 26,,,,,,,
POS091,뚝섬,은행골,,회 / 스시,113,1,서울특별시 성동구 상원1길 26 서울숲A타워 109호,,,,,,,
POS092,망원동,소금집델리,4.5,퓨전 양식,"221,491",237,서울특별시 마포구 월드컵로19길 14 2F,,,,,,,
POS092,망원동,당도,4.5,카페 / 디저트,"175,463",259,서울특별시 마포구 포은로 106,,,,,,,
POS092,망원동,라바즈,4.5,베이커리,"47,356",61,서울특별시 마포구 월드컵로13길 19-23 2F,,,,,,,
POS092,망원동,키오스크,4.5,카페 / 디저트,"134,671",117,서울특별시 마포구 월드컵로19길 74 2F,,,,,,,
POS092,망원동,프롬하노이,4.5,베트남 음식,"124,443",80,서울특별시 마포구 월드컵로13길 55-5 1F,,,,,,,
POS092,망원동,웨스트사이드,4.5,이탈리안,"25,291",19,서울특별시 마포구 희우정로20길 36,,,,,,,
POS092,망원동,복덕방,4.4,고기 요리,"294,903",115,서울특별시 마포구 포은로8길 5 1F,,,,,,,
POS092,망원동,망원동즉석우동,4.4,라멘 / 소바 / 우동,"130,278",141,서울특별시 마포구 동교로 83,,,,,,,
POS092,망원동,헤키,4.4,까스 요리,"52,637",88,서울특별시 마포구 월드컵로17길 38 1F,,,,,,,
POS092,망원동,라오삐약,4.3,다국적 아시아 음식,"137,379",120,서울특별시 마포구 희우정로10길 5,,,,,,,
POS093,신반포역,김영모과자점,3.9,베이커리,"34,492",92,서울특별시 서초구 신반포로 100 레미안퍼트리지 신반포역상가,,,,,,,
POS093,신반포역,산들해,3.7,한정식 / 백반 / 정통 한식,"112,603",56,서울특별시 서초구 반포대로 287,,,,,,,
POS093,신반포역,굿애프터눈,,카페 / 디저트,"7,431",4,서울특별시 서초구 신반포로15길 29 신반포상가 1F,,,,,,,
POS093,신반포역,블루테이블,,카페 / 디저트,"7,546",7,서울특별시 서초구 신반포로 100,,,,,,,
POS093,신반포역,루나리치,,이탈리안,"8,360",7,서울특별시 서초구 반포대로 287 래미안퍼스티지 중심상가 7F,,,,,,,
POS093,신반포역,오첩반상,,한정식 / 백반 / 정통 한식,"2,584",2,서울특별시 서초구 반포대로 287,,,,,,,
POS093,신반포역,면,,국수 / 면 요리,"3,841",2,서울특별시 서초구 신반포로15길 29 신반포상가,,,,,,,
POS093,신반포역,돈치킨,,닭 / 오리 요리,193,1,서울특별시 서초구 신반포로15길 29 신반포상가,,,,,,,
POS093,신반포역,뚜또오케이,,카페 / 디저트,"4,338",2,서울특별시 서초구 신반포로15길 29 신반포상가 128호,,,,,,,
POS093,신반포역,엠디에프커피바,,카페 / 디저트,911,1,서울특별시 서초구 반포대로 287 래미안퍼스티지상가 123호,,,,,,,
POS094,북서울꿈의숲,16P,,카페 / 디저트,"4,204",5,서울특별시 성북구 돌곶이로 220 1F,,,,,,,
POS094,북서울꿈의숲,본쁠리,,카페 / 디저트,"3,155",2,서울특별시 강북구 오패산로30길 73 1F,,,,,,,
POS094,북서울꿈의숲,하오런,,정통 중식 / 일반 중식,"6,994",7,서울특별시 강북구 오현로 137 1F,,,,,,,
POS094,북서울꿈의숲,팔팔육숯불촌,,고기 요리,792,0,서울특별시 강북구 한천로109길 47,,,,,,,
POS094,북서울꿈의숲,당일왕족발,,고기 요리,"1,781",1,서울특별시 도봉구 우이천로4라길 6,,,,,,,
POS094,북서울꿈의숲,바스켓12,,카페 / 디저트,288,1,서울특별시 강북구 오패산로30길 73 1F,,,,,,,
POS094,북서울꿈의숲,할머니해장국,,탕 / 찌개 / 전골,"4,472",4,서울특별시 강북구 월계로37길 137-6,,,,,,,
POS094,북서울꿈의숲,차이나칸,,정통 중식 / 일반 중식,"4,765",1,서울특별시 성북구 월계로40길 7,,,,,,,
POS094,북서울꿈의숲,벼락고깃집,,고기 요리,935,1,서울특별시 강북구 오현로 194,,,,,,,
POS094,북서울꿈의숲,나씽벗,,칵테일 / 와인,44,0,서울특별시 성북구 돌곶이로41가길 14-16,,,,,,,
POS095,응암동,스시온도,4.4,회 / 스시,"36,862",23,서울특별시 은평구 불광천길 536 에필리움 1F,,,,,,,
POS095,응암동,필구커피,4.1,카페 / 디저트,"6,421",9,서울특별시 은평구 불광천길 442-29 1F,,,,,,,
POS095,응암동,스시쇼부,4,회 / 스시,"50,755",46,서울특별시 은평구 은평로13길 11-9 2F,,,,,,,
POS095,응암동,차이몬스터,4,정통 중식 / 일반 중식,"4,660",8,서울특별시 은평구 불광천길 334,,,,,,,
POS095,응암동,플롭,3.9,기타 양식,"13,420",26,서울특별시 은평구 불광천길 338,,,,,,,
POS095,응암동,히카리우동,3.8,라멘 / 소바 / 우동,"11,591",15,서울특별시 은평구 가좌로 190,,,,,,,
POS095,응암동,오레노라멘,3.8,라멘 / 소바 / 우동,"16,161",22,서울특별시 은평구 불광천길 366,,,,,,,
POS095,응암동,옥토끼,3.7,라멘 / 소바 / 우동,"27,779",33,서울특별시 은평구 불광천길 536,,,,,,,
POS095,응암동,요요미,3.7,기타 한식,"31,019",36,서울특별시 은평구 은평로11길 3-1,,,,,,,
POS095,응암동,정거장,3.6,돈부리 / 일본 카레 / 벤토,"8,619",8,서울특별시 은평구 가좌로 185,,,,,,,
POS096,반포동,타쿠미곤,4.6,정통 일식 / 일반 일식,"267,368",66,서울특별시 서초구 사평대로18길 10 한국회관 2F,,,,,,,
POS096,반포동,마루심,4.6,돈부리 / 일본 카레 / 벤토,"566,822",227,서울특별시 서초구 고무래로10길 10 청구빌딩 1F,,,,,,,
POS096,반포동,밴건디,4.5,스테이크 / 바베큐,"185,977",146,서울특별시 서초구 사평대로22길 5,,,,,,,
POS096,반포동,FOURB,4.4,카페 / 디저트,"33,063",22,서울특별시 서초구 사평대로 205 1F FP106호,,,,,,,
POS096,반포동,회떠유,4.4,해산물 요리,"2,773",4,서울특별시 서초구 주흥1길 22,,,,,,,
POS096,반포동,스시고,4.3,회 / 스시,"175,886",68,서울특별시 서초구 사평대로22길 15,,,,,,,
POS096,반포동,테이블포포,4.3,이탈리안,"64,044",42,서울특별시 서초구 사평대로14길 11 명빌딩,,,,,,,
POS096,반포동,스시쇼우,4.3,회 / 스시,"30,861",25,서울특별시 서초구 사평대로22길 17 2F,,,,,,,
POS096,반포동,딤딤섬,4.3,딤섬 / 만두,"63,340",55,서울특별시 서초구 신반포로 176 센트럴시티 호남선 하차장 2F,,,,,,,
POS096,반포동,베이크,4.3,카페 / 디저트,"180,236",175,서울특별시 서초구 신반포로 176 신세계백화점 강남점 B1,,,,,,,
POS097,서울광장,주옥,4.4,퓨전 한식,"169,311",48,서울특별시 중구 소공로 119 더 플라자 3F,,,,,,,
POS097,서울광장,무교동북어국집,4.4,탕 / 찌개 / 전골,"163,303",133,서울특별시 중구 을지로1길 38,,,,,,,
POS097,서울광장,홍연,4.4,정통 중식 / 일반 중식,"67,118",28,서울특별시 중구 소공로 106 서울 웨스틴조선호텔 LLF,,,,,,,
POS097,서울광장,부민옥,4.3,탕 / 찌개 / 전골,"142,497",75,서울특별시 중구 다동길 24-12,,,,,,,
POS097,서울광장,세림,4.3,탕 / 찌개 / 전골,"18,653",13,서울특별시 중구 을지로1길 32-3,,,,,,,
POS097,서울광장,초류향,4.3,정통 중식 / 일반 중식,"17,683",17,서울특별시 중구 다동길 24-10,,,,,,,
POS097,서울광장,다동,4.3,고기 요리,"64,548",22,서울특별시 중구 을지로3길 49,,,,,,,
POS097,서울광장,철철복집,4.3,해산물 요리,"11,445",10,서울특별시 중구 을지로3길 29,,,,,,,
POS097,서울광장,가쯔야,4.2,까스 요리,"24,772",20,서울특별시 중구 다동길 46,,,,,,,
POS097,서울광장,용금옥,4.2,탕 / 찌개 / 전골,"31,837",20,서울특별시 중구 다동길 24-2,,,,,,,
POS098,서울대공원,봉덕칼국수,4,국수 / 면 요리,"37,806",36,경기도 과천시 궁말로 6,,,,,,,
POS098,서울대공원,라운지디,,이탈리안,"8,961",8,경기도 과천시 광명로 313 국립현대미술관 과천관 제1전시실 1F,,,,,,,
POS098,서울대공원,푸짐한김치감자탕,,탕 / 찌개 / 전골,"2,537",2,경기도 과천시 과천동 700,,,,,,,
POS098,서울대공원,초당순두부,,탕 / 찌개 / 전골,"4,699",1,경기도 과천시 광명로 181 서울랜드먹거리장터,,,,,,,
POS098,서울대공원,빵명장,,베이커리,944,1,경기도 과천시 막계동 273-1,,,,,,,
POS098,서울대공원,카레원,,돈부리 / 일본 카레 / 벤토,220,1,경기도 과천시 광명로 181,,,,,,,
POS098,서울대공원,망고식스,,카페 / 디저트,"2,613",1,경기도 과천시 광명로 181 서울랜드종합관리사무소,,,,,,,
POS098,서울대공원,로즈스토리,,카페 / 디저트,180,1,경기도 과천시 막계동 543-1,,,,,,,
POS098,서울대공원,할매집,,일반 주점,"1,719",0,경기도 과천시 대공원대로 지하 50,,,,,,,
POS098,서울대공원,쌈이맛,,한정식 / 백반 / 정통 한식,"1,682",0,경기도 과천시 광명로 181,,,,,,,
POS099,서울숲공원,핀즈,4.5,카페 / 디저트,"39,456",31,서울특별시 성동구 성수일로3길 4-13 2F,,,,,,,
POS099,서울숲공원,봉밀가,4.5,국수 / 면 요리,"2,703",12,서울특별시 성동구 왕십리로 50 2F,,,,,,,
POS099,서울숲공원,누메로도스,4.4,이탈리안,"181,761",110,서울특별시 성동구 상원1길 35-9,,,,,,,
POS099,서울숲공원,차만다,4.4,세계음식 기타,"102,317",53,서울특별시 성동구 서울숲2길 28-12,,,,,,,
POS099,서울숲공원,로우커피스탠드,4.4,카페 / 디저트,"137,825",89,서울특별시 성동구 왕십리로4길 28-2 1F,,,,,,,
POS099,서울숲공원,누메로뜨레쓰,4.4,이탈리안,"66,121",48,서울특별시 성동구 성수일로 21 1F,,,,,,,
POS099,서울숲공원,성수,4.4,회 / 스시,"24,523",8,서울특별시 성동구 성수일로1길 10 1F,,,,,,,
POS099,서울숲공원,오스테리아,4.4,이탈리안,"22,494",8,서울특별시 성동구 서울숲6길 20 1F,,,,,,,
POS099,서울숲공원,제스티살룬,4.3,브런치 / 버거 / 샌드위치,"53,514",86,서울특별시 성동구 서울숲4길 13 1F,,,,,,,
POS099,서울숲공원,당도,4.3,카페 / 디저트,"52,320",57,서울특별시 성동구 왕십리로 80 2F,,,,,,,
POS100,아차산,원조할아버지손두부,4.4,한정식 / 백반 / 정통 한식,"136,563",95,서울특별시 광진구 자양로 324 1F,,,,,,,
POS100,아차산,아차산로,3.9,카페 / 디저트,"24,836",20,경기도 구리시 아차산로 59,,,,,,,
POS100,아차산,신토불이떡볶이,3.8,기타 한식,"110,321",225,서울특별시 광진구 자양로43길 42,,,,,,,
POS100,아차산,아차산손두부,,한정식 / 백반 / 정통 한식,"13,915",6,서울특별시 광진구 영화사로 68,,,,,,,
POS100,아차산,소일창,,고기 요리,"1,650",1,서울특별시 광진구 자양로45길 34 1F,,,,,,,
POS100,아차산,소담촌,,탕 / 찌개 / 전골,"2,468",4,서울특별시 광진구 용마산로 10 대붕빌딩 3F,,,,,,,
POS100,아차산,짬뽕지존,,정통 중식 / 일반 중식,"3,772",5,서울특별시 광진구 천호대로 682,,,,,,,
POS100,아차산,전설의짬뽕,,정통 중식 / 일반 중식,"1,995",4,서울특별시 광진구 자양로43길 42 2F,,,,,,,
POS100,아차산,롤링핀,,베이커리,115,1,서울특별시 광진구 천호대로 674,,,,,,,
POS100,아차산,호그,,치킨 / 호프 / 펍,"2,601",0,서울특별시 광진구 천호대로 635,,,,,,,
POS101,선유도역,또순이네,4.3,고기 요리,"141,446",119,서울특별시 영등포구 선유로47길 16,,,,,,,
POS101,선유도역,온수반,4.3,국수 / 면 요리,"29,392",13,서울특별시 영등포구 양평로22가길 6 1F,,,,,,,
POS101,선유도역,토종순두부,4.1,일반 주점,"3,151",5,서울특별시 영등포구 양평로 126,,,,,,,
POS101,선유도역,뚜스뚜스,4,이탈리안,"49,002",29,서울특별시 영등포구 양평로 132,,,,,,,
POS101,선유도역,바삭하게,4,기타 한식,"5,297",7,서울특별시 영등포구 양평로19길 10 2F,,,,,,,
POS101,선유도역,홈앤브레드,3.9,베이커리,"17,663",18,서울특별시 영등포구 선유로51길 4-5,,,,,,,
POS101,선유도역,커피라이커스,3.9,카페 / 디저트,"2,409",7,서울특별시 영등포구 양평로 89,,,,,,,
POS101,선유도역,피크니크,3.7,카페 / 디저트,"34,734",34,서울특별시 영등포구 양평로22길 2-1,,,,,,,
POS101,선유도역,원조우렁된장너도나도식당,3.7,한정식 / 백반 / 정통 한식,"37,880",26,서울특별시 영등포구 양평로 126 신성빌딩,,,,,,,
POS101,선유도역,공간다반사,3.4,카페 / 디저트,"9,175",11,서울특별시 영등포구 선유로55길 3,,,,,,,
POS102,어린이대공원,이화만두,4.5,한정식 / 백반 / 정통 한식,"23,125",18,서울특별시 광진구 능동로 278-1,,,,,,,
POS102,어린이대공원,멕시칼리,4.4,남미 음식,"38,168",41,서울특별시 광진구 능동로36길 181 1F,,,,,,,
POS102,어린이대공원,간도우초밥집,4.4,회 / 스시,"1,309",4,서울특별시 광진구 자양로 278  101호,,,,,,,
POS102,어린이대공원,이이요,4.3,회 / 스시,"186,178",146,서울특별시 광진구 능동로32길 6,,,,,,,
POS102,어린이대공원,서북면옥,4.2,국수 / 면 요리,"116,583",165,서울특별시 광진구 자양로 199-1,,,,,,,
POS102,어린이대공원,소바쿠,4,라멘 / 소바 / 우동,"97,167",65,서울특별시 광진구 천호대로 650,,,,,,,
POS102,어린이대공원,텐동한,4,돈부리 / 일본 카레 / 벤토,"56,615",58,서울특별시 광진구 능동로38길 32 1F,,,,,,,
POS102,어린이대공원,순금이떡볶이,4,기타 한식,"26,089",36,서울특별시 광진구 자양로43길 43,,,,,,,
POS102,어린이대공원,심야식당,4,이자카야 / 오뎅 / 꼬치,"5,186",10,서울특별시 광진구 군자로 168,,,,,,,
POS102,어린이대공원,소사면옥,4,국수 / 면 요리,"4,725",7,서울특별시 광진구 능동로 270,,,,,,,
POS103,여의도한강공원,바이러닉에스프레소바,4.4,카페 / 디저트,"42,126",41,서울특별시 영등포구 의사당대로 38  1F,,,,,,,
POS103,여의도한강공원,세상의모든아침,4.1,브런치 / 버거 / 샌드위치,"95,979",139,서울특별시 영등포구 여의대로 24 전경련회관 스카이팜 50-51F,,,,,,,
POS103,여의도한강공원,타마스시,4.1,회 / 스시,"22,888",22,서울특별시 영등포구 은행로 30 1F,,,,,,,
POS103,여의도한강공원,잠수교집,4.1,고기 요리,"37,253",13,서울특별시 영등포구 여의나루로 117 서울상가 B1 제6호,,,,,,,
POS103,여의도한강공원,영원식당,4,국수 / 면 요리,"85,330",36,서울특별시 영등포구 여의나루로 117 서울상가 2F,,,,,,,
POS103,여의도한강공원,판동면옥,4,국수 / 면 요리,"1,145",4,서울특별시 영등포구 은행로 37 기계회관 본관 1F,,,,,,,
POS103,여의도한강공원,비엣남,3.9,베트남 음식,"34,564",17,서울특별시 영등포구 의사당대로 38 더샵아일랜드파크 101동 114호,,,,,,,
POS103,여의도한강공원,훠궈야,3.8,기타 중식,"14,939",21,서울특별시 영등포구 국제금융로 10 IFC몰 L3 312호,,,,,,,
POS103,여의도한강공원,오한수우육면가,3.8,정통 중식 / 일반 중식,"4,819",7,서울특별시 영등포구 여의대로 66 KTB증권빌딩점,,,,,,,
POS103,여의도한강공원,피그인더가든,3.7,기타 양식,"171,297",105,서울특별시 영등포구 여의대로 56 한화손해보험빌딩 1F,,,,,,,
POS104,하늘공원,와이키키마켓,4.3,닭 / 오리 요리,"28,841",12,서울특별시 마포구 마포나루길 332 C한강랜드 상암 유람선선착장,,,,,,,
POS104,하늘공원,정성,4.3,까스 요리,"14,087",13,서울특별시 마포구 방울내로 73 1F,,,,,,,
POS104,하늘공원,일등식당,4.3,탕 / 찌개 / 전골,"39,035",41,서울특별시 마포구 방울내로 82,,,,,,,
POS104,하늘공원,영미화김밥,4.2,기타 한식,486,4,서울특별시 마포구 월드컵북로 381 상가동 105호,,,,,,,
POS104,하늘공원,오늘의,4,카페 / 디저트,"88,420",46,서울특별시 마포구 방울내로7길 29,,,,,,,
POS104,하늘공원,모리타,3.9,정통 일식 / 일반 일식,"55,586",28,서울특별시 마포구 월드컵북로44길 49 2F,,,,,,,
POS104,하늘공원,고도,3.9,카페 / 디저트,"10,769",17,서울특별시 마포구 월드컵북로 121-8 1F,,,,,,,
POS104,하늘공원,꼬르소산도,3.9,카페 / 디저트,"18,654",20,서울특별시 마포구 월드컵로 157,,,,,,,
POS104,하늘공원,성산왕갈비,3.8,고기 요리,"44,320",31,서울특별시 마포구 월드컵북로 233 성산시영아파트내 상가,,,,,,,
POS104,하늘공원,김영섭초밥,3.8,회 / 스시,"45,286",28,서울특별시 마포구 월드컵북로 352-18 1F,,,,,,,
POS105,응봉역,블랙빈스,,카페 / 디저트,"1,483",5,서울특별시 성동구 고산자로 130,,,,,,,
POS105,응봉역,심재응봉,,카페 / 디저트,775,5,서울특별시 성동구 고산자로2길 4-1,,,,,,,
POS105,응봉역,방울새,,카페 / 디저트,993,1,서울특별시 성동구 고산자로2길 14 1F 전면우측,,,,,,,
POS105,응봉역,응봉참숯생소금구이,,고기 요리,"2,473",2,서울특별시 성동구 독서당로62길 4 일신빌딩,,,,,,,
POS105,응봉역,브레드앳홈,,카페 / 디저트,"2,591",1,서울특별시 성동구 독서당로62길 24 1F,,,,,,,
POS105,응봉역,카페유어사이드,,카페 / 디저트,"4,059",2,서울특별시 성동구 독서당로 378,,,,,,,
POS105,응봉역,작품,,고기 요리,955,1,서울특별시 성동구 독서당로 381 현대종합상가 101호,,,,,,,
POS105,응봉역,김밥사랑,,기타 한식,187,1,서울특별시 성동구 독서당로 434,,,,,,,
POS105,응봉역,은지향,,정통 중식 / 일반 중식,"5,714",2,서울특별시 성동구 독서당로 375 103호,,,,,,,
POS105,응봉역,엄마손도시락백반,,기타 한식,"3,877",0,서울특별시 성동구 독서당로60길 5,,,,,,,
POS106,이촌역,미타스,4.6,이자카야 / 오뎅 / 꼬치,"23,439",11,서울특별시 용산구 이촌로75길 16-9,,,,,,,
POS106,이촌역,한길포장마차,4.4,전통 주점 / 포차,"33,129",13,서울특별시 용산구 이촌로75길 16-9,,,,,,,
POS106,이촌역,스즈란테이,4.1,정통 일식 / 일반 일식,"212,224",138,서울특별시 용산구 이촌로 245 로얄상가 B1,,,,,,,
POS106,이촌역,동빙고,4.1,카페 / 디저트,"114,399",156,서울특별시 용산구 이촌로 319,,,,,,,
POS106,이촌역,교토마블,4,베이커리,"45,277",23,서울특별시 용산구 서빙고로 69 파크타워 106동 지하상가,,,,,,,
POS106,이촌역,헬카페,3.9,카페 / 디저트,"34,450",47,서울특별시 용산구 이촌로 248 한강맨션 31동 208호,,,,,,,
POS106,이촌역,아경면선,3.9,국수 / 면 요리,"31,138",26,서울특별시 용산구 이촌로 248 한강맨션,,,,,,,
POS106,이촌역,미스랄라,3.8,카페 / 디저트,"18,322",16,서울특별시 용산구 이촌로65가길 72,,,,,,,
POS106,이촌역,인생의하이라이트,3.8,치킨 / 호프 / 펍,"7,828",7,서울특별시 용산구 이촌로77길 19 이촌종합상가,,,,,,,
POS106,이촌역,르미야,3.7,퓨전 한식,"53,297",39,서울특별시 용산구 이촌로77길 19 1F,,,,,,,
POS107,잠실종합운동장,콩당콩당,4,카페 / 디저트,"63,964",19,서울특별시 송파구 올림픽로4길 17 아시아선수촌아파트 C상가 2F,,,,,,,
POS107,잠실종합운동장,나폴레옹과자점,3.4,베이커리,"20,444",54,서울특별시 송파구 백제고분로 67,,,,,,,
POS107,잠실종합운동장,이노시시,,이자카야 / 오뎅 / 꼬치,835,1,서울특별시 송파구 백제고분로 75 올림피아빌딩 B114호,,,,,,,
POS107,잠실종합운동장,대호갈비,,고기 요리,"9,499",5,서울특별시 송파구 백제고분로 83,,,,,,,
POS107,잠실종합운동장,엘샤다이과자점,,베이커리,"4,818",3,서울특별시 송파구 올림픽로4길 15 아시아선수촌아파트,,,,,,,
POS107,잠실종합운동장,잭슨피자,,기타 양식,"1,611",2,서울특별시 송파구 올림픽로 74  잠실월드메르디앙 103호,,,,,,,
POS107,잠실종합운동장,스시메시,,회 / 스시,"1,367",1,서울특별시 송파구 올림픽로4길 17 아시아선수촌아파트,,,,,,,
POS107,잠실종합운동장,왕게수산킹크랩전문점,,해산물 요리,"4,731",3,서울특별시 송파구 백제고분로 114 우남빌딩,,,,,,,
POS107,잠실종합운동장,라그릴리아,,이탈리안,"1,363",1,서울특별시 송파구 백제고분로 87,,,,,,,
POS107,잠실종합운동장,슬로우커피1012,,카페 / 디저트,"4,933",2,서울특별시 송파구 올림픽로4길 48,,,,,,,
POS108,잠실동,파오파오,4.4,한정식 / 백반 / 정통 한식,"360,713",192,서울특별시 송파구 석촌호수로12길 22,,,,,,,
POS108,잠실동,생생아구,4.4,해산물 요리,"26,250",13,서울특별시 송파구 백제고분로7길 8-37,,,,,,,
POS108,잠실동,미강식당,4.4,고기 요리,"20,328",12,서울특별시 송파구 백제고분로 122 103호,,,,,,,
POS108,잠실동,토마루해물칼국수,4.4,국수 / 면 요리,"16,485",11,서울특별시 송파구 백제고분로15길 6,,,,,,,
POS108,잠실동,리꼬르도,4.4,이탈리안,"1,858",8,서울특별시 송파구 석촌호수로12길 17-23 1F 101호,,,,,,,
POS108,잠실동,도림,4.3,정통 중식 / 일반 중식,"32,742",16,서울특별시 송파구 올림픽로 240 롯데호텔월드 32F,,,,,,,
POS108,잠실동,이치고,4.3,이자카야 / 오뎅 / 꼬치,"70,080",17,서울특별시 송파구 백제고분로11길 6-7 1F,,,,,,,
POS108,잠실동,오징어세상,4.3,해산물 요리,"76,662",31,서울특별시 송파구 백제고분로9길 42 1F,,,,,,,
POS108,잠실동,비바라비다,4.3,칵테일 / 와인,"6,242",8,서울특별시 송파구 백제고분로17길 52,,,,,,,
POS108,잠실동,탄포포,4.3,회 / 스시,"16,358",7,서울특별시 송파구 백제고분로7길 52-19 1F,,,,,,,
POS109,잠원역,제이에스가든,4.2,정통 중식 / 일반 중식,"41,138",19,서울특별시 서초구 잠원로4길 33-2 스타빌딩 B1,,,,,,,
POS109,잠원역,오리지널팬케이크하우스,4,브런치 / 버거 / 샌드위치,"4,036",5,서울특별시 서초구 신반포로33길 23 2F,,,,,,,
POS109,잠원역,잠원떡볶이,3.9,기타 한식,"30,108",38,서울특별시 서초구 잠원로4길 45,,,,,,,
POS109,잠원역,스시효,3.7,회 / 스시,"83,983",77,서울특별시 서초구 신반포로33길 27 파스텔프라자 2F,,,,,,,
POS109,잠원역,크리스탈제이드,,정통 중식 / 일반 중식,"12,459",8,서울특별시 서초구 신반포로33길 27 파스텔 플라자 1F,,,,,,,
POS109,잠원역,아티제,,카페 / 디저트,"9,891",9,서울특별시 서초구 신반포로33길 23,,,,,,,
POS109,잠원역,이모네포차,,전통 주점 / 포차,"8,310",8,서울특별시 서초구 잠원로4길 45,,,,,,,
POS109,잠원역,잠원정육식당,,고기 요리,"4,861",5,서울특별시 서초구 잠원로8길 25 B1 006호,,,,,,,
POS109,잠원역,킹콩커피,,카페 / 디저트,"8,914",8,서울특별시 서초구 잠원로8길 25 대림상가 1F,,,,,,,
POS109,잠원역,아티제,,카페 / 디저트,"6,183",4,서울특별시 서초구 잠원로 94 신반포중앙쇼핑센터 1F,,,,,,,
POS110,청계산,한소반,4.3,고기 요리,"85,020",35,서울특별시 서초구 청계산로 249 한소반,,,,,,,
POS110,청계산,풍천가,4.2,해산물 요리,"59,354",29,경기도 성남시 수정구 청계산로 449,,,,,,,
POS110,청계산,리숨두부,3.8,한정식 / 백반 / 정통 한식,"6,168",14,서울특별시 서초구 원터4길 7,,,,,,,
POS110,청계산,솟솟618,3.8,카페 / 디저트,"6,250",6,서울특별시 서초구 원터2길 11,,,,,,,
POS110,청계산,소담채,3.8,한정식 / 백반 / 정통 한식,"18,356",10,서울특별시 서초구 원터6길 5,,,,,,,
POS110,청계산,장수촌,,탕 / 찌개 / 전골,"11,905",10,경기도 의왕시 청계로 183-1,,,,,,,
POS110,청계산,청계다원,,카페 / 디저트,"5,185",6,경기도 의왕시 옥박골동길 26,,,,,,,
POS110,청계산,애마오리,,닭 / 오리 요리,"10,085",7,서울특별시 서초구 원터6길 8,,,,,,,
POS110,청계산,어울더울,,고기 요리,"5,267",9,경기도 성남시 수정구 청계산로 462,,,,,,,
POS110,청계산,웰빙다시마김밥,,기타 한식,"1,799",3,서울특별시 서초구 원터2길 3,,,,,,,
POS111,경복궁역,호라파,4.8,태국 음식,"14,812",17,서울특별시 종로구 자하문로 37-1 2F,,,,,,,
POS111,경복궁역,BAR,4.7,칵테일 / 와인,"127,856",45,서울특별시 종로구 자하문로7길 34,,,,,,,
POS111,경복궁역,팔마,4.5,퓨전 양식,"125,307",55,서울특별시 종로구 자하문로5길 39 1F,,,,,,,
POS111,경복궁역,물랑,4.5,프랑스 음식,"92,317",33,서울특별시 종로구 자하문로16길 8 1F,,,,,,,
POS111,경복궁역,공기식당,4.4,돈부리 / 일본 카레 / 벤토,"138,645",91,서울특별시 종로구 필운대로6길 20-1 1F,,,,,,,
POS111,경복궁역,김진목삼,4.4,고기 요리,"170,834",106,서울특별시 종로구 자하문로1길 51 1F,,,,,,,
POS111,경복궁역,스쿠퍼,4.4,카페 / 디저트,"30,824",71,서울특별시 종로구 자하문로7길 10 1F,,,,,,,
POS111,경복궁역,김진목삼,4.4,고기 요리,"36,881",27,서울특별시 종로구 자하문로1가길 9,,,,,,,
POS111,경복궁역,뼈탄집,4.4,고기 요리,"11,246",16,서울특별시 종로구 자하문로1길 13,,,,,,,
POS111,경복궁역,경성상회,4.4,이자카야 / 오뎅 / 꼬치,"6,893",9,서울특별시 종로구 자하문로1길 13-1,,,,,,,
POI001,,,,,,,,관광특구,1,강남 MICE(구청),SJ 쿤스트할레,1,2,3
POI001,,,,,,,,관광특구,1,강남 MICE(구청),키즈플래닛,0,2,0
POI001,,,,,,,,관광특구,1,강남 MICE(구청),송은 갤러리,0,2,3
POI002,,,,,,,,관광특구,2,동대문,케세라(공방),1,2,3
POI002,,,,,,,,관광특구,2,동대문,한양도성박물관,0,2,3
POI002,,,,,,,,관광특구,2,동대문,동대문디자인플라자,0,2,3
POI003,,,,,,,,관광특구,3,명동,명동난타극장,1,2,3
POI003,,,,,,,,관광특구,3,명동,우표박물관,0,2,3
POI003,,,,,,,,관광특구,3,명동,포룸VR,1,2,3
POI005,,,,,,,,관광특구,5,잠실 관광특구,키자니아,0,2,0
POI005,,,,,,,,관광특구,5,잠실 관광특구,롯데월드 아쿠아리움,1,2,3
POI005,,,,,,,,관광특구,5,잠실 관광특구,롯데월드 아이스링크,1,2,3
POI006,,,,,,,,관광특구,6,종로·청계 관광특구,다이나믹메이즈 ,1,2,3
POI006,,,,,,,,관광특구,6,종로·청계 관광특구,아라아트센터,1,2,3
POI006,,,,,,,,관광특구,6,종로·청계 관광특구,박물관은 살아있다 실내 테마파크,1,2,3
POI007,,,,,,,,관광특구,7,홍대,코코넛 박스,1,2,3
POI007,,,,,,,,관광특구,7,홍대,카카오프렌즈 스토어,1,2,3
POI007,,,,,,,,관광특구,7,홍대,비밀의 숲 방탈출,1,2,3
POI008,,,,,,,,고궁·문화유산,8,경복궁,아로마인드(향수공방),1,0,3
POI008,,,,,,,,고궁·문화유산,8,경복궁,한지문화산업센터,0,2,3
POI008,,,,,,,,고궁·문화유산,8,경복궁,대림미술관,0,2,3
POI009,,,,,,,,고궁·문화유산,9,광화문·덕수궁,돈의문박물관마을,0,2,3
POI009,,,,,,,,고궁·문화유산,9,광화문·덕수궁,세종문화회관(연극시설),1,2,3
POI009,,,,,,,,고궁·문화유산,9,광화문·덕수궁,쌈지길(복합문화공간),1,2,3
POI010,,,,,,,,고궁·문화유산,10,보신각,보신각,1,2,3
POI011,,,,,,,,고궁·문화유산,11,서울 암사동 유적,서울 암사동 유적,1,2,3
POI012,,,,,,,,고궁·문화유산,12,창덕궁·종묘,국립어린이과학관,0,2,3
POI012,,,,,,,,고궁·문화유산,12,창덕궁·종묘,창경궁,0,2,3
POI012,,,,,,,,고궁·문화유산,12,창덕궁·종묘,창덕궁,0,2,3
POI013,,,,,,,,인구밀집지역,13,가산디지털단지역,G2 Zone 볼링장,1,2,3
POI013,,,,,,,,인구밀집지역,13,가산디지털단지역,리틀서울랜드 (키즈카페실내놀이터),0,2,0
POI013,,,,,,,,인구밀집지역,13,가산디지털단지역,쥬라리움(체험형 작은 동물원),0,2,0
POI014,,,,,,,,인구밀집지역,14,강남역,레드버튼 보드게임카페,0,2,3
POI014,,,,,,,,인구밀집지역,14,강남역,키이스케이프 강남 (방탈출),0,2,3
POI014,,,,,,,,인구밀집지역,14,강남역,템플스트라이크 (볼링장),1,2,3
POI015,,,,,,,,인구밀집지역,15,건대입구역,데생그리다(미술관),1,2,3
POI015,,,,,,,,인구밀집지역,15,건대입구역,솔버(방탈출),1,0,3
POI015,,,,,,,,인구밀집지역,15,건대입구역,커먼그라운드(복합문화공간),0,2,3
POI016,,,,,,,,인구밀집지역,16,고덕역,산성골프장,0,0,3
POI016,,,,,,,,인구밀집지역,16,고덕역,강동아트센터,1,2,3
POI016,,,,,,,,인구밀집지역,16,고덕역,VIP탁구장,1,0,3
POI017,,,,,,,,인구밀집지역,17,고속터미널역,제이앤제이테니스,0,0,3
POI017,,,,,,,,인구밀집지역,17,고속터미널역,바운스트램폴린파크 반포센터,0,2,3
POI017,,,,,,,,인구밀집지역,17,고속터미널역,원더볼즈플레이파크(실내놀이터),0,2,0
POI018,,,,,,,,인구밀집지역,18,교대역,에코백 원데이 클래스,1,2,3
POI018,,,,,,,,인구밀집지역,18,교대역,명작 모작 원데이 클래스,1,0,3
POI019,,,,,,,,인구밀집지역,19,구로디지털단지역,24시 만화방,1,0,3
POI019,,,,,,,,인구밀집지역,19,구로디지털단지역,코난방탈출,1,0,3
POI019,,,,,,,,인구밀집지역,19,구로디지털단지역,플레이온보드게임카페(구디점) ,1,2,3
POI019,,,,,,,,인구밀집지역,19,구로디지털단지역,G밸리4차산업체험관,0,2,3
POI020,,,,,,,,인구밀집지역,20,구로역,MK 볼링센터,1,2,3
POI020,,,,,,,,인구밀집지역,20,구로역,peakers 클라이밍(구로),1,2,3
POI020,,,,,,,,인구밀집지역,20,구로역,온포인트 (공방(도자기 레터링접시)),1,0,3
POI021,,,,,,,,인구밀집지역,21,군자역,키즈오토파크(체험장),0,2,0
POI021,,,,,,,,인구밀집지역,21,군자역,광나루안전체험관,0,2,3
POI021,,,,,,,,인구밀집지역,21,군자역,서울상상나라(박물관),0,2,3
POI022,,,,,,,,인구밀집지역,22,남구로역,JK당구장,1,0,3
POI022,,,,,,,,인구밀집지역,22,남구로역,환경어린이공원,0,2,0
POI023,,,,,,,,인구밀집지역,23,대림역,대림중앙시장,1,2,3
POI025,,,,,,,,인구밀집지역,25,뚝섬역,플라비 성수점(공방),1,0,3
POI025,,,,,,,,인구밀집지역,25,뚝섬역,밑미홈(문화시설),0,2,3
POI025,,,,,,,,인구밀집지역,25,뚝섬역,섬세이 테라리움(전시관),1,2,3
POI026,,,,,,,,인구밀집지역,26,미아사거리역,알엔비볼링장,1,2,3
POI026,,,,,,,,인구밀집지역,26,미아사거리역,펜트아이(실내놀이터),0,2,0
POI027,,,,,,,,인구밀집지역,27,발산역,볼원볼링장 발산역점,1,2,3
POI027,,,,,,,,인구밀집지역,27,발산역,테니스 101,0,0,3
POI027,,,,,,,,인구밀집지역,27,발산역,보드게임카페 레드버튼,1,2,3
POI028,,,,,,,,인구밀집지역,28,북한산우이역,우이동 산악문화HUB(VR체험장),0,2,3
POI028,,,,,,,,인구밀집지역,28,북한산우이역,야크돔(실내놀이터),0,2,0
POI029,,,,,,,,인구밀집지역,29,사당역,스몰월드 (보드게임),1,0,3
POI029,,,,,,,,인구밀집지역,29,사당역,스트라이크존(사당역점),1,0,3
POI029,,,,,,,,인구밀집지역,29,사당역,서울시립 남서울미술관,1,2,3
POI029,,,,,,,,인구밀집지역,29,사당역,entry55 (재즈바공연),1,0,3
POI030,,,,,,,,인구밀집지역,30,삼각지역,전쟁기념관,1,2,3
POI030,,,,,,,,인구밀집지역,30,삼각지역,픽셀 퍼 인치 (독립서점),1,0,3
POI030,,,,,,,,인구밀집지역,30,삼각지역,크라운해태 키즈뮤지엄,0,2,0
POI031,,,,,,,,인구밀집지역,31,서울대입구역,관객의취향 (독립서점),1,0,3
POI031,,,,,,,,인구밀집지역,31,서울대입구역,공부하는고양이 (고양이카페),1,0,3
POI031,,,,,,,,인구밀집지역,31,서울대입구역,짱오락실,1,2,3
POI032,,,,,,,,인구밀집지역,32,마곡나루역,아뜰리에 드 세라믹(공방),1,0,3
POI032,,,,,,,,인구밀집지역,32,마곡나루역,헬로방방(실내놀이터),0,2,0
POI032,,,,,,,,인구밀집지역,32,마곡나루역,서울식물원,1,2,3
POI033,,,,,,,,인구밀집지역,33,서울역,동자아트홀(공연),1,2,3
POI033,,,,,,,,인구밀집지역,33,서울역,서소문성지역사박물관,0,2,3
POI033,,,,,,,,인구밀집지역,33,서울역,남대문 실탄사격장,0,2,3
POI034,,,,,,,,인구밀집지역,34,선릉역,캠핑고양이 (고양이카페),0,2,3
POI034,,,,,,,,인구밀집지역,34,선릉역,리드레시(향수공방),1,2,3
POI035,,,,,,,,인구밀집지역,35,성신여대입구역,이스케이프시티(방탈출카페),1,0,3
POI035,,,,,,,,인구밀집지역,35,성신여대입구역,공감M아트센터(연극시설),0,2,3
POI035,,,,,,,,인구밀집지역,35,성신여대입구역,귄공방(향수공방),1,0,3
POI036,,,,,,,,인구밀집지역,36,수유역,더트랩 수유 방탈출,0,2,3
POI036,,,,,,,,인구밀집지역,36,수유역,더블유볼링,1,2,3
POI036,,,,,,,,인구밀집지역,36,수유역,World Board 월드보드게임카페,1,0,3
POI037,,,,,,,,인구밀집지역,37,신논현역·논현역,로빈훗 (양궁점),1,2,3
POI037,,,,,,,,인구밀집지역,37,신논현역·논현역,도어이스케이프 레드 신논현점 (방탈출),1,0,3
POI037,,,,,,,,인구밀집지역,37,신논현역·논현역,우리만의 팔찌 만들기,1,0,3
POI038,,,,,,,,인구밀집지역,38,신도림역,손날두 플스카페,1,2,3
POI038,,,,,,,,인구밀집지역,38,신도림역,벌툰 파리지앵(신도림역점) (만화방),1,0,3
POI038,,,,,,,,인구밀집지역,38,신도림역,알파고 보드게임카페(신도림),1,2,3
POI039,,,,,,,,인구밀집지역,39,신림역,더코드(신림점) (방탈출),1,0,3
POI039,,,,,,,,인구밀집지역,39,신림역,넥스트에디션(신림점) (방탈출) ,1,0,3
POI039,,,,,,,,인구밀집지역,39,신림역,레드버튼 보드게임카페,1,0,3
POI039,,,,,,,,인구밀집지역,39,신림역,롤러팡팡스케이트장,1,2,3
POI040,,,,,,,,인구밀집지역,40,신촌·이대역,운존 (사주카페),1,0,3
POI040,,,,,,,,인구밀집지역,40,신촌·이대역,틴떼 (캔들 공방),1,0,3
POI040,,,,,,,,인구밀집지역,40,신촌·이대역,세상에 단하나 나만의 향수 만들기,1,2,3
POI041,,,,,,,,인구밀집지역,41,양재역,한전아트센터 (공연장),1,2,3
POI041,,,,,,,,인구밀집지역,41,양재역,반지만들기 로컬 해리티나 (공방),1,0,3
POI041,,,,,,,,인구밀집지역,41,양재역,에스에이세라믹 도예공방,1,0,3
POI041,,,,,,,,인구밀집지역,41,양재역,세상에 하나뿐인 나만의 향수 만들기,1,2,3
POI042,,,,,,,,인구밀집지역,42,역삼역,세라듀,1,0,3
POI042,,,,,,,,인구밀집지역,42,역삼역,프리미어 리틀챔피언 AC호텔 (키즈카페),0,2,0
POI043,,,,,,,,인구밀집지역,43,연신내역,짱구게임장(오락실),1,0,3
POI043,,,,,,,,인구밀집지역,43,연신내역,방탈출 미로(방탈출카페),1,0,3
POI043,,,,,,,,인구밀집지역,43,연신내역,무드필모어(향수공방),1,0,3
POI044,,,,,,,,인구밀집지역,44,오목교역·목동운동장,한생연생명과학박물관,0,2,3
POI044,,,,,,,,인구밀집지역,44,오목교역·목동운동장,놀숲 (목동오목교점) (만화방) ,1,0,3
POI044,,,,,,,,인구밀집지역,44,오목교역·목동운동장,종합사격장,1,0,3
POI045,,,,,,,,인구밀집지역,45,왕십리역,한양게임센터(오락실),1,0,3
POI045,,,,,,,,인구밀집지역,45,왕십리역,더코드 왕십리점(방탈출카페),1,0,3
POI045,,,,,,,,인구밀집지역,45,왕십리역,텍사스(보드게임카페),1,0,3
POI046,,,,,,,,인구밀집지역,46,용산역,챔피언1250 아이파크몰,0,2,0
POI046,,,,,,,,인구밀집지역,46,용산역,아모레퍼시픽미술관,1,2,3
POI046,,,,,,,,인구밀집지역,46,용산역,미션브레이크 (방탈출),1,0,3
POI046,,,,,,,,인구밀집지역,46,용산역,팝콘D 스퀘어 (전시 애니메이션카페),1,2,3
POI047,,,,,,,,인구밀집지역,47,이태원,리움미술관,1,2,3
POI047,,,,,,,,인구밀집지역,47,이태원,놀숲 (이태원점) (만화방),1,0,3
POI047,,,,,,,,인구밀집지역,47,이태원,나만의 썬캐쳐 만들기,1,0,3
POI048,,,,,,,,인구밀집지역,48,장지역,송파파크하비오워터킹덤워터파크,1,2,3
POI048,,,,,,,,인구밀집지역,48,장지역,코코몽키즈랜드 송파점(실내놀이터),0,2,0
POI048,,,,,,,,인구밀집지역,48,장지역,강남실탄사격장,1,0,3
POI049,,,,,,,,인구밀집지역,49,장한평역,디엣지 아이스링크,1,2,3
POI049,,,,,,,,인구밀집지역,49,장한평역,스타 레인즈 볼링장,1,2,3
POI049,,,,,,,,인구밀집지역,49,장한평역,클럽롤러힐 롤러스케이트장,1,0,3
POI050,,,,,,,,인구밀집지역,50,천호역,스핀볼링장,1,0,3
POI050,,,,,,,,인구밀집지역,50,천호역,판타지보이 롤러클럽,1,2,3
POI050,,,,,,,,인구밀집지역,50,천호역,꼬마대통령(실내놀이터),0,2,0
POI051,,,,,,,,인구밀집지역,51,총신대입구(이수)역,핑크핑영화룸카페,1,0,3
POI051,,,,,,,,인구밀집지역,51,총신대입구(이수)역,키득키득 라운지 (키즈카페),0,2,0
POI051,,,,,,,,인구밀집지역,51,총신대입구(이수)역,크리스마스 트리 캔들 & 왁스타블렛 만들기,1,2,3
POI052,,,,,,,,인구밀집지역,52,충정로역,고촌이종근기념관,0,2,3
POI053,,,,,,,,인구밀집지역,53,합정역,디벙크(카페),1,0,3
POI053,,,,,,,,인구밀집지역,53,합정역,스페이스 아크(갤러리),0,2,3
POI053,,,,,,,,인구밀집지역,53,합정역,지스페이스홀(공연장),1,2,3
POI054,,,,,,,,인구밀집지역,54,혜화역,아르코미술관,0,2,3
POI054,,,,,,,,인구밀집지역,54,혜화역,귀신의 집(체험장),1,0,3
POI054,,,,,,,,인구밀집지역,54,혜화역,짚풀생활사박물관,0,2,3
POI056,,,,,,,,인구밀집지역,56,회기역,미플 보드게임,0,2,3
POI056,,,,,,,,인구밀집지역,56,회기역,아이앤맘 키즈카페,0,2,0
POI056,,,,,,,,인구밀집지역,56,회기역,다락방사주카페,1,0,3
POI058,,,,,,,,인구밀집지역,58,가락시장,똑똑블럭 송파점(실내놀이터),0,2,0
POI058,,,,,,,,인구밀집지역,58,가락시장,키즈마린파크(박물관),0,2,0
POI058,,,,,,,,인구밀집지역,58,가락시장,원바운드테니스,0,0,3
POI059,,,,,,,,발달상권,59,가로수길,올드스트리뮤지엄 (박물관),1,2,3
POI059,,,,,,,,발달상권,59,가로수길,시그널헌터 가로수길점 (방탈출),1,0,3
POI059,,,,,,,,발달상권,59,가로수길,하이스트리트이탈리아 (체험 전시),1,2,3
POI060,,,,,,,,발달상권,60,광장(전통)시장,향기로운집 (꽃 공방),1,2,3
POI060,,,,,,,,발달상권,60,광장(전통)시장,베일링 (반지공방),1,0,3
POI060,,,,,,,,발달상권,60,광장(전통)시장,광장시장,1,2,3
POI061,,,,,,,,발달상권,61,김포공항,롯데몰 김포공항점,1,2,3
POI061,,,,,,,,발달상권,61,김포공항,다시서점 (독립서점),1,0,3
POI061,,,,,,,,발달상권,61,김포공항,국립항공박물관,0,2,0
POI063,,,,,,,,발달상권,63,노량진,CTS 아트홀,1,2,3
POI063,,,,,,,,발달상권,63,노량진,3D플스방,1,2,3
POI063,,,,,,,,발달상권,63,노량진,세대공감놀이터,1,2,3
POI064,,,,,,,,발달상권,64,덕수궁길·정동길,국립현대미술관 덕수궁,1,2,3
POI064,,,,,,,,발달상권,64,덕수궁길·정동길,블랙문 (보드게임카페),1,0,3
POI064,,,,,,,,발달상권,64,덕수궁길·정동길,스마일코인노래방,1,2,3
POI065,,,,,,,,발달상권,65,방배역 먹자골목,소마인방배 (술공방),1,0,3
POI065,,,,,,,,발달상권,65,방배역 먹자골목,로얄볼링센타,1,2,3
POI065,,,,,,,,발달상권,65,방배역 먹자골목,키논 목공방 (나무반지),1,0,3
POI066,,,,,,,,발달상권,66,북촌한옥마을,세계장신구박물관,1,2,3
POI066,,,,,,,,발달상권,66,북촌한옥마을,동림매듭공방,1,2,3
POI066,,,,,,,,발달상권,66,북촌한옥마을,북촌 한옥마을,1,2,3
POI067,,,,,,,,발달상권,67,서촌,냥만왈츠 (양모 공방),1,2,3
POI067,,,,,,,,발달상권,67,서촌,스페이스 윌링앤딜링 (전시회),1,2,3
POI067,,,,,,,,발달상권,67,서촌,히어리 (도자기 공방),1,2,3
POI068,,,,,,,,발달상권,68,성수카페거리,벌툰 몽유도원 성수점 (만화방),1,0,3
POI068,,,,,,,,발달상권,68,성수카페거리,플라츠 S (복합문화공간),1,2,3
POI068,,,,,,,,발달상권,68,성수카페거리,레토 성수 (방탈출),1,0,3
POI070,,,,,,,,발달상권,70,쌍문동 맛집거리,초안산근린공원,1,2,3
POI070,,,,,,,,발달상권,70,쌍문동 맛집거리,쌍문나이스락볼링센터,1,2,3
POI070,,,,,,,,발달상권,70,쌍문동 맛집거리,그날의향기(향수 공방),1,0,3
POI071,,,,,,,,발달상권,71,압구정로데오거리,스마트브릭 키즈카페,0,2,0
POI071,,,,,,,,발달상권,71,압구정로데오거리,테뉴에 (향수 공방),1,2,3
POI071,,,,,,,,발달상권,71,압구정로데오거리,이상한 나라의 괴짜들 (미술관),0,2,3
POI072,,,,,,,,발달상권,72,여의도,퍼스트비앤피 (볼링장),1,2,3
POI072,,,,,,,,발달상권,72,여의도,더로드아이스링크,1,2,3
POI072,,,,,,,,발달상권,72,여의도,아쿠아플라넷63,1,2,3
POI073,,,,,,,,발달상권,73,연남동,반지만들기 은파은파 은공방,1,0,3
POI073,,,,,,,,발달상권,73,연남동,35scent(향수 공방),1,0,3
POI073,,,,,,,,발달상권,73,연남동,뜨개질닷컴(뜨개질 공방),1,2,3
POI074,,,,,,,,발달상권,74,영등포 타임스퀘어,씨랄라 워터파크 (어린이들 스파),0,2,0
POI074,,,,,,,,발달상권,74,영등포 타임스퀘어,205번가(방탈출),1,0,3
POI074,,,,,,,,발달상권,74,영등포 타임스퀘어,주렁주렁 실내 동물원,1,2,3
POI075,,,,,,,,발달상권,75,외대앞,레이지클라우드 보드게임카페,1,0,3
POI076,,,,,,,,발달상권,76,용리단길,Laheen Gallery,1,0,3
POI076,,,,,,,,발달상권,76,용리단길,아트스퀘어갤러리,1,0,3
POI076,,,,,,,,발달상권,76,용리단길,퍼타스틱 씨어터 (공연),1,0,3
POI078,,,,,,,,발달상권,78,인사동·익선동,HANDUS 한나래그릇작업실 (공방),1,2,3
POI078,,,,,,,,발달상권,78,인사동·익선동,아트스페이스 이색,1,2,3
POI079,,,,,,,,발달상권,79,창동 신경제 중심지,영앤링(공방),1,0,3
POI079,,,,,,,,발달상권,79,창동 신경제 중심지,초안산목재문화체험장,0,2,3
POI079,,,,,,,,발달상권,79,창동 신경제 중심지,서울청년센터 도봉오랑,0,2,3
POI080,,,,,,,,발달상권,80,청담동 명품거리,에스파스 루이 비통 서울,1,0,3
POI080,,,,,,,,발달상권,80,청담동 명품거리,글래드스톤 갤러리,1,0,3
POI080,,,,,,,,발달상권,80,청담동 명품거리,김리아갤러리,1,0,3
POI081,,,,,,,,발달상권,81,청량리 제기동 일대 전통시장,경동시장청년몰,0,2,3
POI081,,,,,,,,발달상권,81,청량리 제기동 일대 전통시장,서울약령시한의약박물관,0,2,3
POI081,,,,,,,,발달상권,81,청량리 제기동 일대 전통시장,빛담은공방(종이 레이져 공방),1,0,3
POI082,,,,,,,,발달상권,82,해방촌·경리단길,해방촌,1,2,3
POI082,,,,,,,,발달상권,82,해방촌·경리단길,감정선프로젝트 (인형공방),1,2,3
POI082,,,,,,,,발달상권,82,해방촌·경리단길,스토리지북앤필름 (독립서점),1,2,3
POI083,,,,,,,,발달상권,83,DDP(동대문디자인플라자),청계천헌책방거리,0,2,3
POI083,,,,,,,,발달상권,83,DDP(동대문디자인플라자),B the B(문화공간),1,0,3
POI083,,,,,,,,발달상권,83,DDP(동대문디자인플라자),테테루 뮤지엄,0,2,3
POI084,,,,,,,,발달상권,84,DMC(디지털미디어시티),"보보공방 (천연비누,천연향초)",1,2,3
POI084,,,,,,,,발달상권,84,DMC(디지털미디어시티),노리들노리쌤 은평점,0,2,0
POI084,,,,,,,,발달상권,84,DMC(디지털미디어시티),한국영화박물관,1,2,3
POI085,,,,,,,,공원,85,강서한강공원,길꽃어린이도서관,0,2,0
POI085,,,,,,,,공원,85,강서한강공원,강서별빛우주과학관,0,2,3
POI086,,,,,,,,공원,86,고척돔,GD볼링장,1,2,3
POI086,,,,,,,,공원,86,고척돔,놀숲 고척점,1,0,3
POI086,,,,,,,,공원,86,고척돔,서울아트책보고,0,2,3
POI088,,,,,,,,공원,88,광화문광장,172G 갤러리,1,2,3
POI088,,,,,,,,공원,88,광화문광장,대한민국역사박물관,0,2,3
POI088,,,,,,,,공원,88,광화문광장,세종문화회관,1,0,3
POI089,,,,,,,,공원,89,국립중앙박물관·용산가족공원,국립중앙박물관,0,2,3
POI089,,,,,,,,공원,89,국립중앙박물관·용산가족공원,국립한글박물관,0,2,3
POI091,,,,,,,,공원,91,남산공원,테디베어갤러리,1,2,3
POI091,,,,,,,,공원,91,남산공원,헬로키티 아일랜드,1,2,3
POI096,,,,,,,,공원,96,북서울꿈의숲,북서울꿈의숲,1,2,3
POI096,,,,,,,,공원,96,북서울꿈의숲,상상톡톡미술관,0,2,0
POI097,,,,,,,,공원,97,불광천,책방시나브로,1,2,3
POI097,,,,,,,,공원,97,불광천,스페이스55,1,2,3
POI097,,,,,,,,공원,97,불광천,비단산유아숲체험장,0,2,0
POI099,,,,,,,,공원,99,서울광장,가을단풍길,1,2,3
POI099,,,,,,,,공원,99,서울광장,전시공간리플랫,1,2,3
POI100,,,,,,,,공원,100,서울대공원,국립현대미술관 과천,1,2,3
POI100,,,,,,,,공원,100,서울대공원,서울대공원테마가든,1,2,3
POI100,,,,,,,,공원,100,서울대공원,서울랜드,1,2,3
POI101,,,,,,,,공원,101,서울숲공원,더서울라이티움,1,2,3
POI101,,,,,,,,공원,101,서울숲공원,디뮤지엄,1,2,3
POI101,,,,,,,,공원,101,서울숲공원,수도박물관,0,2,3
POI105,,,,,,,,공원,105,여의도한강공원,여의도 이크루즈,1,2,3
POI105,,,,,,,,공원,105,여의도한강공원,한강유람선 아라호,1,2,3
POI106,,,,,,,,공원,106,월드컵공원,한국영화박물관,1,2,3
POI106,,,,,,,,공원,106,월드컵공원,어깨동무스토리움,0,2,3
POI106,,,,,,,,공원,106,월드컵공원,DMC홍보관,0,2,3
POI109,,,,,,,,공원,109,잠실종합운동장,스트라이크존 서울 잠실구장,1,0,3
POI109,,,,,,,,공원,109,잠실종합운동장,룸카페바니,1,0,3
POI109,,,,,,,,공원,109,잠실종합운동장,아시아공원,0,2,3
POI113,,,,,,,,공원,113,청와대,PKM 갤러리,0,2,3
POI113,,,,,,,,공원,113,청와대,초이앤초이갤러리,1,2,3
POI113,,,,,,,,공원,113,청와대, 북촌생활사박물관,0,2,3
